{
  "method": "Bayesian_Optimization",
  "trial_num": 1,
  "evaluations": [
    0,
    1,
    2,
    3,
    4,
    5,
    6,
    7,
    8,
    9,
    10,
    11,
    12,
    13,
    14,
    15,
    16,
    17,
    18,
    19,
    20,
    21,
    22,
    23,
    24,
    25,
    26,
    27,
    28,
    29,
    30,
    31,
    32,
    33,
    34,
    35,
    36,
    37,
    38,
    39,
    40,
    41,
    42,
    43,
    44,
    45,
    46,
    47,
    48,
    49
  ],
  "weighted_sums": [
    1498.6146240234375,
    357.7822265625,
    1813.962158203125,
    661.7141723632812,
    2000.67919921875,
    261.1805419921875,
    2066.900146484375,
    27.51839256286621,
    962.2902221679688,
    1869.25927734375,
    70.75904846191406,
    1992.5184326171875,
    337.5108947753906,
    2035.329833984375,
    2155.434814453125,
    0.030157383531332016,
    1951.7393798828125,
    61.826377868652344,
    51.8691291809082,
    105.85013580322266,
    2298.990478515625,
    2369.30224609375,
    1543.16552734375,
    2115.66455078125,
    1422.103515625,
    2041.091064453125,
    904.9169311523438,
    159.7350311279297,
    57.85765838623047,
    167.074462890625,
    598.7806396484375,
    106.9406509399414,
    2214.67041015625,
    1355.5936279296875,
    99.19806671142578,
    1755.014892578125,
    2041.2607421875,
    2029.7001953125,
    479.2446594238281,
    2183.56494140625,
    2197.249267578125,
    2099.12158203125,
    181.15478515625,
    2006.7183837890625,
    2256.683349609375,
    1979.1905517578125,
    942.8402709960938,
    941.8399047851562,
    2265.88720703125,
    379.494873046875
  ],
  "laser_energies": [
    21.236203565420873,
    33.89628960580699,
    22.40711621062981,
    35.30387013720467,
    23.962904598772376,
    23.98771197650015,
    25.044532763994297,
    10.0,
    24.373152267419833,
    25.62029831912211,
    40.0,
    24.432898329540443,
    10.0,
    26.053981121747604,
    25.058598621619666,
    24.091690840030843,
    23.24079507546687,
    10.0,
    40.0,
    10.0,
    26.609148763935874,
    27.851091315645665,
    28.77682043797205,
    27.692681910097804,
    28.398801915943622,
    27.532737455452537,
    26.705555684954753,
    10.0,
    40.0,
    40.0,
    19.741457691096823,
    40.0,
    25.436491759202333,
    22.448032896799923,
    40.0,
    20.10356165459534,
    25.011194415554918,
    26.827706903208462,
    21.68588109959965,
    24.718499597029272,
    24.803506445427097,
    24.91721930337107,
    10.084413508178505,
    26.756973674085536,
    25.31201953521942,
    24.201447597998694,
    17.063854172817926,
    29.398653107292244,
    26.273283751837873,
    31.34959701050476
  ],
  "pressures": [
    29.01428612819832,
    13.668695797323277,
    29.36114687318473,
    30.0,
    28.13413647131544,
    10.0,
    30.0,
    10.0,
    30.0,
    30.0,
    10.0,
    30.0,
    30.0,
    30.0,
    30.0,
    10.0,
    30.0,
    10.0,
    30.0,
    30.0,
    30.0,
    30.0,
    30.0,
    30.0,
    30.0,
    30.0,
    24.671125832871667,
    20.321807030880613,
    10.0,
    22.275345080272142,
    21.69011640675564,
    30.0,
    30.0,
    30.0,
    20.059272021240496,
    30.0,
    30.0,
    30.0,
    20.68050648337026,
    30.0,
    30.0,
    30.0,
    21.403155786023234,
    30.0,
    30.0,
    30.0,
    29.866804153966445,
    22.559188829822013,
    30.0,
    10.618867261302832
  ],
  "acquisition_times": [
    31.959818254342153,
    33.390730008183084,
    31.433706872417897,
    27.071635882724117,
    26.90787311190545,
    14.098295869793244,
    25.273035060716445,
    40.0,
    10.0,
    33.14356563602058,
    10.0,
    27.767687080339474,
    10.0,
    26.236069557773636,
    26.80840135316477,
    40.0,
    23.689447245122857,
    10.0,
    40.0,
    40.0,
    23.901166681320802,
    21.757044182412958,
    19.37392553967612,
    27.61614138664969,
    40.0,
    27.288840691925348,
    25.20708414883122,
    10.0,
    40.0,
    10.0,
    40.0,
    10.0,
    23.163147686539396,
    40.0,
    40.0,
    21.677949038895356,
    22.81528339900706,
    27.559509705112767,
    10.0,
    22.42870694607813,
    22.343668967751228,
    22.24515619523895,
    28.067562667650485,
    27.783719097069906,
    21.634889437308452,
    25.45705327527871,
    25.247687022031787,
    39.75778562572327,
    22.49620453536221,
    10.181131448473531
  ],
  "evaluation_times": [
    0.6105635166168213,
    0.6072189807891846,
    0.626446008682251,
    0.6263747215270996,
    0.6283767223358154,
    0.6260404586791992,
    0.6258890628814697,
    0.6242198944091797,
    0.6230278015136719,
    0.6250836849212646,
    0.6291294097900391,
    0.6293449401855469,
    0.6308190822601318,
    0.6256587505340576,
    0.6246175765991211,
    0.6257956027984619,
    0.6402366161346436,
    0.642470121383667,
    0.6271097660064697,
    0.6263489723205566,
    0.6259043216705322,
    0.6242198944091797,
    0.6249699592590332,
    0.6239824295043945,
    0.6259713172912598,
    0.6273119449615479,
    0.6279854774475098,
    0.6266601085662842,
    0.6275954246520996,
    0.6278302669525146,
    0.6268720626831055,
    0.6236186027526855,
    0.6323237419128418,
    0.6339173316955566,
    0.6336548328399658,
    0.626572847366333,
    0.625403881072998,
    0.626237154006958,
    0.6314928531646729,
    0.6217248439788818,
    0.6217882633209229,
    0.6536977291107178,
    0.6251778602600098,
    0.6259210109710693,
    0.6267068386077881,
    0.6249597072601318,
    0.6259739398956299,
    0.6256790161132812,
    0.6239533424377441,
    0.6318521499633789
  ],
  "best_so_far": [
    1498.6146240234375,
    1498.6146240234375,
    1813.962158203125,
    1813.962158203125,
    2000.67919921875,
    2000.67919921875,
    2066.900146484375,
    2066.900146484375,
    2066.900146484375,
    2066.900146484375,
    2066.900146484375,
    2066.900146484375,
    2066.900146484375,
    2066.900146484375,
    2155.434814453125,
    2155.434814453125,
    2155.434814453125,
    2155.434814453125,
    2155.434814453125,
    2155.434814453125,
    2298.990478515625,
    2369.30224609375,
    2369.30224609375,
    2369.30224609375,
    2369.30224609375,
    2369.30224609375,
    2369.30224609375,
    2369.30224609375,
    2369.30224609375,
    2369.30224609375,
    2369.30224609375,
    2369.30224609375,
    2369.30224609375,
    2369.30224609375,
    2369.30224609375,
    2369.30224609375,
    2369.30224609375,
    2369.30224609375,
    2369.30224609375,
    2369.30224609375,
    2369.30224609375,
    2369.30224609375,
    2369.30224609375,
    2369.30224609375,
    2369.30224609375,
    2369.30224609375,
    2369.30224609375,
    2369.30224609375,
    2369.30224609375,
    2369.30224609375
  ],
  "hyperparameters": {
    "n_calls": 50,
    "n_initial_points": 1,
    "batch_size": 16,
    "acquisition_function": "EI"
  }
}