{
  "method": "EDM_Adam_Cosine_Annealing",
  "trial_num": 5,
  "steps": [
    0,
    1,
    2,
    3,
    4,
    5,
    6,
    7,
    8,
    9,
    10,
    11,
    12,
    13,
    14,
    15,
    16,
    17,
    18,
    19,
    20,
    21,
    22,
    23,
    24,
    25,
    26,
    27,
    28,
    29,
    30,
    31,
    32,
    33,
    34,
    35,
    36,
    37,
    38,
    39,
    40,
    41,
    42,
    43,
    44,
    45,
    46,
    47,
    48,
    49
  ],
  "weighted_sums": [
    440.32757568359375,
    468.38665771484375,
    501.7127685546875,
    605.94287109375,
    738.9017333984375,
    879.7598266601562,
    931.91064453125,
    967.7421875,
    963.6334228515625,
    957.738037109375,
    1845.090087890625,
    2159.5224609375,
    2319.142822265625,
    2273.967041015625,
    2182.07080078125,
    2160.6416015625,
    2209.800537109375,
    2120.13916015625,
    2243.673095703125,
    2234.641357421875,
    2290.42919921875,
    2165.708984375,
    2196.5439453125,
    2266.539306640625,
    2228.4755859375,
    2137.974853515625,
    2182.16015625,
    2304.244140625,
    2230.447509765625,
    2296.473876953125,
    2215.4287109375,
    2097.33935546875,
    2133.804443359375,
    2258.810302734375,
    2302.140625,
    2286.5380859375,
    2225.2412109375,
    2189.879150390625,
    2201.152099609375,
    2269.55810546875,
    2190.840576171875,
    2195.79541015625,
    2058.462890625,
    2235.52978515625,
    2179.443603515625,
    2106.690673828125,
    2210.144287109375,
    2210.2880859375,
    2194.31884765625,
    2194.198486328125
  ],
  "laser_energies": [
    34.102840423583984,
    33.102840423583984,
    32.88542175292969,
    32.46928787231445,
    31.871469497680664,
    31.14289665222168,
    30.429302215576172,
    29.725868225097656,
    29.083984375,
    28.526268005371094,
    28.043380737304688,
    27.526065826416016,
    27.028125762939453,
    26.574617385864258,
    26.1818904876709,
    25.93657684326172,
    25.73369598388672,
    25.56279945373535,
    25.426610946655273,
    25.331300735473633,
    25.272048950195312,
    25.235593795776367,
    25.21645736694336,
    25.208133697509766,
    25.206043243408203,
    25.210453033447266,
    25.219623565673828,
    25.23288345336914,
    25.248489379882812,
    25.265525817871094,
    25.28282928466797,
    25.300193786621094,
    25.318567276000977,
    25.33718490600586,
    25.354455947875977,
    25.369739532470703,
    25.38336753845215,
    25.395402908325195,
    25.40635871887207,
    25.416046142578125,
    25.42387580871582,
    25.43035125732422,
    25.435688018798828,
    25.43990135192871,
    25.443037033081055,
    25.44524574279785,
    25.446855545043945,
    25.447908401489258,
    25.44847869873047,
    25.4487361907959
  ],
  "pressures": [
    20.550445556640625,
    21.550445556640625,
    22.547719955444336,
    23.45769691467285,
    24.146453857421875,
    24.934934616088867,
    25.68105125427246,
    26.406639099121094,
    27.068349838256836,
    27.647138595581055,
    28.160675048828125,
    28.679500579833984,
    29.184053421020508,
    29.65875244140625,
    30.086612701416016,
    30.38715362548828,
    30.660404205322266,
    30.91448211669922,
    31.147140502929688,
    31.35087013244629,
    31.52884864807129,
    31.69120979309082,
    31.840871810913086,
    31.982646942138672,
    32.11703872680664,
    32.243797302246094,
    32.36469650268555,
    32.477760314941406,
    32.58338928222656,
    32.67924118041992,
    32.76713562011719,
    32.84757614135742,
    32.92021560668945,
    32.98652648925781,
    33.04595184326172,
    33.09912872314453,
    33.1467170715332,
    33.18815994262695,
    33.22392272949219,
    33.25438690185547,
    33.280113220214844,
    33.30170822143555,
    33.31949234008789,
    33.33372116088867,
    33.34466552734375,
    33.35271453857422,
    33.35831832885742,
    33.361915588378906,
    33.36394119262695,
    33.364845275878906
  ],
  "acquisition_times": [
    13.573344230651855,
    14.573344230651855,
    15.549300193786621,
    16.52056312561035,
    17.394832611083984,
    18.282203674316406,
    19.115041732788086,
    19.904109954833984,
    20.599287033081055,
    21.177810668945312,
    21.666383743286133,
    22.199716567993164,
    22.667776107788086,
    23.073863983154297,
    23.409221649169922,
    23.616268157958984,
    23.779937744140625,
    23.910280227661133,
    24.009017944335938,
    24.068912506103516,
    24.097822189331055,
    24.106266021728516,
    24.10124397277832,
    24.087547302246094,
    24.06919288635254,
    24.04683494567871,
    24.02126121520996,
    23.99213218688965,
    23.960437774658203,
    23.92702293395996,
    23.89312744140625,
    23.859453201293945,
    23.826919555664062,
    23.795595169067383,
    23.765836715698242,
    23.737939834594727,
    23.71241569519043,
    23.689435958862305,
    23.668432235717773,
    23.649816513061523,
    23.633882522583008,
    23.62040901184082,
    23.60932159423828,
    23.600555419921875,
    23.593719482421875,
    23.588563919067383,
    23.58489227294922,
    23.582441329956055,
    23.581056594848633,
    23.580429077148438
  ],
  "learning_rates": [
    1.0,
    0.9990133652007716,
    0.9960573545998883,
    0.9911436342207189,
    0.9842915962727349,
    0.9755282826193186,
    0.9648882780558826,
    0.9524135738194835,
    0.9381534018685916,
    0.9221640405870447,
    0.9045085926789764,
    0.8852567361312731,
    0.8644844492263919,
    0.8422737106907913,
    0.8187121761623498,
    0.7938928322536104,
    0.7679136295761007,
    0.7408770961740204,
    0.7128899328928904,
    0.6840625922800625,
    0.6545088426789764,
    0.6243453192374836,
    0.5936910636022049,
    0.5626670541155353,
    0.5313957283693969,
    0.5000004999999998,
    0.46860527163060295,
    0.43733394588446456,
    0.4063099363977949,
    0.3756556807625161,
    0.34549215732102356,
    0.3159384077199374,
    0.2871110671071094,
    0.2591239038259793,
    0.23208737042389901,
    0.2061081677463896,
    0.18128882383764996,
    0.15772728930920857,
    0.13551655077360802,
    0.1147442638687268,
    0.0954924073210235,
    0.07783695941295532,
    0.06184759813140823,
    0.047587426180516555,
    0.03511272194411727,
    0.02447271738068138,
    0.01570940372726508,
    0.008857365779281,
    0.0039436454001117735,
    0.0009876347992284343
  ],
  "losses": [
    -440.32757568359375,
    -468.38665771484375,
    -501.7127685546875,
    -605.94287109375,
    -738.9017333984375,
    -879.7598266601562,
    -931.91064453125,
    -967.7421875,
    -963.6334228515625,
    -957.738037109375,
    -1845.090087890625,
    -2159.5224609375,
    -2319.142822265625,
    -2273.967041015625,
    -2182.07080078125,
    -2160.6416015625,
    -2209.800537109375,
    -2120.13916015625,
    -2243.673095703125,
    -2234.641357421875,
    -2290.42919921875,
    -2165.708984375,
    -2196.5439453125,
    -2266.539306640625,
    -2228.4755859375,
    -2137.974853515625,
    -2182.16015625,
    -2304.244140625,
    -2230.447509765625,
    -2296.473876953125,
    -2215.4287109375,
    -2097.33935546875,
    -2133.804443359375,
    -2258.810302734375,
    -2302.140625,
    -2286.5380859375,
    -2225.2412109375,
    -2189.879150390625,
    -2201.152099609375,
    -2269.55810546875,
    -2190.840576171875,
    -2195.79541015625,
    -2058.462890625,
    -2235.52978515625,
    -2179.443603515625,
    -2106.690673828125,
    -2210.144287109375,
    -2210.2880859375,
    -2194.31884765625,
    -2194.198486328125
  ],
  "parameter_changes": [
    {
      "laser_change": 0.0,
      "pressure_change": 0.0,
      "acquisition_change": 0.0
    },
    {
      "laser_change": -1.0,
      "pressure_change": 1.0,
      "acquisition_change": 1.0
    },
    {
      "laser_change": -0.21741867065429688,
      "pressure_change": 0.9972743988037109,