{
  "method": "Bayesian_Optimization",
  "trial_num": 4,
  "evaluations": [
    0,
    1,
    2,
    3,
    4,
    5,
    6,
    7,
    8,
    9,
    10,
    11,
    12,
    13,
    14,
    15,
    16,
    17,
    18,
    19,
    20,
    21,
    22,
    23,
    24,
    25,
    26,
    27,
    28,
    29,
    30,
    31,
    32,
    33,
    34,
    35,
    36,
    37,
    38,
    39,
    40,
    41,
    42,
    43,
    44,
    45,
    46,
    47,
    48,
    49
  ],
  "weighted_sums": [
    562.2149658203125,
    378.7891845703125,
    569.177001953125,
    159.15003967285156,
    968.4207763671875,
    136.22686767578125,
    2166.835693359375,
    1228.7774658203125,
    2205.15087890625,
    348.54010009765625,
    892.0687255859375,
    943.9263916015625,
    997.5789184570312,
    296.2652587890625,
    1087.2972412109375,
    21.4818172454834,
    64.82587432861328,
    857.1798095703125,
    1523.71240234375,
    782.1005249023438,
    1384.4085693359375,
    1524.7860107421875,
    476.1170349121094,
    331.7182312011719,
    1867.9473876953125,
    1498.326171875,
    1425.6033935546875,
    1473.80078125,
    1525.654541015625,
    1486.4346923828125,
    1484.420166015625,
    1665.9468994140625,
    1522.46044921875,
    89.2511978149414,
    1450.291259765625,
    1671.3843994140625,
    1487.30126953125,
    44.92449188232422,
    872.9572143554688,
    372.1214904785156,
    72.28209686279297,
    1491.1097412109375,
    2066.791748046875,
    1977.08740234375,
    1975.265625,
    2010.4176025390625,
    1900.2489013671875,
    2101.9365234375,
    2143.11328125,
    2108.042236328125
  ],
  "laser_energies": [
    19.700044646651605,
    33.89628960580699,
    19.223821843650725,
    10.0,
    25.561396671836754,
    40.0,
    23.10323871838618,
    16.789492933252838,
    25.057580935965305,
    25.684008468181084,
    24.472511044560534,
    25.629240922687597,
    29.454443597505033,
    10.0,
    20.50218989622399,
    10.0,
    40.0,
    17.07879275119084,
    32.320330124799945,
    27.65287133181391,
    26.568319388210558,
    32.814468369847546,
    34.90282246205764,
    39.89512544036471,
    27.195313687632876,
    26.226090416737293,
    25.988345131693833,
    22.09774739625869,
    28.878556912786618,
    29.757364827157637,
    23.947769055534216,
    20.437119967757468,
    19.99203310011532,
    39.38535678199062,
    28.54483054904696,
    20.55713425694316,
    19.602065113731115,
    27.15806791853612,
    29.465606767892265,
    18.89645720467229,
    40.0,
    23.77374013195972,
    23.47339675643468,
    23.567814762540486,
    23.637895484427478,
    24.546649695365012,
    22.375811622033034,
    25.98111078183768,
    26.116638817405985,
    26.245425365597736
  ],
  "pressures": [
    14.604942205684644,
    13.668695797323277,
    15.232184236136273,
    24.72103653797552,
    30.0,
    27.404665666944748,
    30.0,
    30.0,
    29.850040418496697,
    10.0,
    27.49270788104784,
    30.0,
    29.460933295905864,
    29.090920853492708,
    30.0,
    10.0,
    10.0,
    29.72681498578104,
    30.0,
    19.86894517240563,
    21.96942629054676,
    30.0,
    22.23297132019667,
    29.948243826511277,
    29.967917715889275,
    30.0,
    30.0,
    29.89430392731615,
    30.0,
    29.813617443579222,
    29.694473751326406,
    29.67244893911753,
    30.0,
    29.224482839834685,
    29.895687188311392,
    29.80320741999822,
    29.696391974919944,
    10.839542985564481,
    29.737630410982295,
    20.1781006968465,
    10.0,
    29.930435892689687,
    29.8771094976848,
    30.0,
    30.0,
    30.0,
    30.0,
    30.0,
    30.0,
    30.0
  ],
  "acquisition_times": [
    33.81336609316686,
    33.390730008183084,
    33.67770962260643,
    31.875135706620913,
    10.0,
    10.0,
    12.410450097424862,
    13.153252092848751,
    12.87682407631348,
    12.3765414342659,
    12.623785885525912,
    12.463291760515835,
    14.638377007977153,
    12.209154305341325,
    40.0,
    17.505864566441307,
    39.439103285352914,
    35.650240010311016,
    36.41735755260059,
    22.79406321372303,
    38.85086529913878,
    33.82183159908909,
    18.170283169907343,
    26.488032834567683,
    32.520807184847634,
    40.0,
    40.0,
    38.776489533720195,
    40.0,
    39.284734277268136,
    38.78407158760551,
    11.349550005582117,
    10.0,
    39.585679576012666,
    39.72162107110242,
    10.9195299562246,
    10.373379736528996,
    39.9176873260877,
    10.024751898150527,
    10.0,
    10.0,
    39.14899357938047,
    24.190090001300057,
    24.778668857144662,
    24.76968162311823,
    25.729454429631378,
    23.10560807470666,
    26.993096782933417,
    27.095715202727494,
    27.182654067776078
  ],
  "evaluation_times": [
    0.6110897064208984,
    0.6069245338439941,
    0.6257166862487793,
    0.6273601055145264,
    0.6278102397918701,
    0.62689208984375,
    0.630110502243042,
    0.6266252994537354,
    0.6293702125549316,
    0.627772331237793,
    0.6292619705200195,
    0.6243488788604736,
    0.6268622875213623,
    0.6261720657348633,
    0.626248836517334,
    0.6299920082092285,
    0.6313991546630859,
    0.6299872398376465,
    0.6261510848999023,
    0.6277930736541748,
    0.6296827793121338,
    0.6278746128082275,
    0.6293926239013672,
    0.6321666240692139,
    0.6282837390899658,
    0.6276168823242188,
    0.6257305145263672,
    0.633244514465332,
    0.6296169757843018,
    0.6300773620605469,
    0.6297070980072021,
    0.6289119720458984,
    0.6265687942504883,
    0.6262710094451904,
    0.6395726203918457,
    0.6278908252716064,
    0.6291146278381348,
    0.62850022315979,
    0.6268081665039062,
    0.6292092800140381,
    0.6300160884857178,
    0.6277339458465576,
    0.6301705837249756,
    0.6250708103179932,
    0.626279354095459,
    0.632535457611084,
    0.6264839172363281,
    0.6255378723144531,
    0.6226027011871338,
    0.6292684078216553
  ],
  "best_so_far": [
    562.2149658203125,
    562.2149658203125,
    569.177001953125,
    569.177001953125,
    968.4207763671875,
    968.4207763671875,
    2166.835693359375,
    2166.835693359375,
    2205.15087890625,
    2205.15087890625,
    2205.15087890625,
    2205.15087890625,
    2205.15087890625,
    2205.15087890625,
    2205.15087890625,
    2205.15087890625,
    2205.15087890625,
    2205.15087890625,
    2205.15087890625,
    2205.15087890625,
    2205.15087890625,
    2205.15087890625,
    2205.15087890625,
    2205.15087890625,
    2205.15087890625,
    2205.15087890625,
    2205.15087890625,
    2205.15087890625,
    2205.15087890625,
    2205.15087890625,
    2205.15087890625,
    2205.15087890625,
    2205.15087890625,
    2205.15087890625,
    2205.15087890625,
    2205.15087890625,
    2205.15087890625,
    2205.15087890625,
    2205.15087890625,
    2205.15087890625,
    2205.15087890625,
    2205.15087890625,
    2205.15087890625,
    2205.15087890625,
    2205.15087890625,
    2205.15087890625,
    2205.15087890625,
    2205.15087890625,
    2205.15087890625,
    2205.15087890625
  ],
  "hyperparameters": {
    "n_calls": 50,
    "n_initial_points": 1,
    "batch_size": 16,
    "acquisition_function": "EI"
  }
}