{
  "method": "EDM_Adam_Cosine_Annealing",
  "trial_num": 2,
  "steps": [
    0,
    1,
    2,
    3,
    4,
    5,
    6,
    7,
    8,
    9,
    10,
    11,
    12,
    13,
    14,
    15,
    16,
    17,
    18,
    19,
    20,
    21,
    22,
    23,
    24,
    25,
    26,
    27,
    28,
    29,
    30,
    31,
    32,
    33,
    34,
    35,
    36,
    37,
    38,
    39,
    40,
    41,
    42,
    43,
    44,
    45,
    46,
    47,
    48,
    49
  ],
  "weighted_sums": [
    407.1110534667969,
    421.43475341796875,
    439.1815185546875,
    444.6973876953125,
    427.8191833496094,
    435.4212341308594,
    445.7325439453125,
    470.3526916503906,
    473.796875,
    475.2294921875,
    484.10736083984375,
    488.6923522949219,
    470.2606506347656,
    519.2561645507812,
    512.3203735351562,
    515.7427368164062,
    568.2503051757812,
    515.4049072265625,
    538.0621337890625,
    519.1734619140625,
    557.5986328125,
    550.6840209960938,
    542.7533569335938,
    526.813720703125,
    527.8193969726562,
    558.9700927734375,
    569.6156616210938,
    559.0332641601562,
    539.5409545898438,
    541.4913940429688,
    562.2354125976562,
    564.5255737304688,
    549.1378173828125,
    567.5113525390625,
    580.2178344726562,
    540.1287841796875,
    531.9651489257812,
    555.0428466796875,
    567.0054931640625,
    552.3687744140625,
    534.7330932617188,
    566.0164794921875,
    575.4637451171875,
    550.8640747070312,
    549.1028442382812,
    566.9791259765625,
    560.400146484375,
    535.7532348632812,
    558.9085083007812,
    560.581787109375
  ],
  "laser_energies": [
    30.894075393676758,
    31.894075393676758,
    32.85366439819336,
    33.649864196777344,
    34.194828033447266,
    34.541526794433594,
    34.709129333496094,
    34.94181442260742,
    35.25346374511719,
    35.58352279663086,
    35.93722152709961,
    36.37877655029297,
    36.767127990722656,
    37.031314849853516,
    37.2416877746582,
    37.478271484375,
    37.559078216552734,
    37.62080764770508,
    37.69167709350586,
    37.7989501953125,
    37.896976470947266,
    37.99858856201172,
    38.07341384887695,
    38.11936950683594,
    38.16300964355469,
    38.20777130126953,
    38.24831008911133,
    38.25932693481445,
    38.24139404296875,
    38.187232971191406,
    38.09392547607422,
    37.97861099243164,
    37.898048400878906,
    37.87998580932617,
    37.912052154541016,
    37.9791145324707,
    38.053924560546875,
    38.11202621459961,
    38.15605926513672,
    38.202816009521484,
    38.24879455566406,
    38.2823371887207,
    38.30857849121094,
    38.3314323425293,
    38.34613800048828,
    38.35517883300781,
    38.35874557495117,
    38.3615837097168,
    38.36281204223633,
    38.36302947998047
  ],
  "pressures": [
    15.722786903381348,
    14.722786903381348,
    13.795889854431152,
    13.441285133361816,
    13.621609687805176,
    13.921611785888672,
    14.4075345993042,
    15.037535667419434,
    15.744610786437988,
    16.41847038269043,
    16.9521427154541,
    17.343400955200195,
    17.620698928833008,
    17.810009002685547,
    18.059188842773438,
    18.37730598449707,
    18.840927124023438,
    19.1802978515625,
    19.24843406677246,
    19.18206787109375,
    19.014328002929688,
    18.760295867919922,
    18.447038650512695,
    18.091121673583984,
    17.713668823242188,
    17.317230224609375,
    16.914588928222656,
    16.54379653930664,
    16.305816650390625,
    16.21421241760254,
    16.215694427490234,
    16.251955032348633,
    16.29619026184082,
    16.350505828857422,
    16.395709991455078,
    16.422077178955078,
    16.433727264404297,
    16.423385620117188,
    16.399452209472656,
    16.370553970336914,
    16.342958450317383,
    16.31188201904297,
    16.282625198364258,
    16.258628845214844,
    16.2393798828125,
    16.2244930267334,
    16.213396072387695,
    16.207399368286133,
    16.20433807373047,
    16.203001022338867
  ],
  "acquisition_times": [
    16.805543899536133,
    15.805543899536133,
    14.905441284179688,
    14.022743225097656,
    13.28292465209961,
    13.430567741394043,
    13.851053237915039,
    14.35136604309082,
    14.946965217590332,
    15.628403663635254,
    16.324626922607422,
    16.951597213745117,
    17.624853134155273,
    18.340354919433594,
    19.0826416015625,
    19.819190979003906,
    20.567703247070312,
    21.288021087646484,
    21.859285354614258,
    22.334415435791016,
    22.736921310424805,
    23.06614112854004,
    23.328170776367188,
    23.524206161499023,
    23.667638778686523,
    23.732080459594727,
    23.7303466796875,
    23.72345733642578,
    23.794757843017578,
    23.93893051147461,
    24.127639770507812,
    24.319887161254883,
    24.492094039916992,
    24.649744033813477,
    24.774198532104492,
    24.859983444213867,
    24.91474151611328,
    24.933507919311523,
    24.92853546142578,
    24.913169860839844,
    24.892452239990234,
    24.864458084106445,
    24.835569381713867,
    24.811233520507812,
    24.790372848510742,
    24.77398681640625,
    24.76167106628418,
    24.754457473754883,
    24.750520706176758,
    24.748775482177734
  ],
  "learning_rates": [
    1.0,
    0.9990133652007716,
    0.9960573545998883,
    0.9911436342207189,
    0.9842915962727349,
    0.9755282826193186,
    0.9648882780558826,
    0.9524135738194835,
    0.9381534018685916,
    0.9221640405870447,
    0.9045085926789764,
    0.8852567361312731,
    0.8644844492263919,
    0.8422737106907913,
    0.8187121761623498,
    0.7938928322536104,
    0.7679136295761007,
    0.7408770961740204,
    0.7128899328928904,
    0.6840625922800625,
    0.6545088426789764,
    0.6243453192374836,
    0.5936910636022049,
    0.5626670541155353,
    0.5313957283693969,
    0.5000004999999998,
    0.46860527163060295,
    0.43733394588446456,
    0.4063099363977949,
    0.3756556807625161,
    0.34549215732102356,
    0.3159384077199374,
    0.2871110671071094,
    0.2591239038259793,
    0.23208737042389901,
    0.2061081677463896,
    0.18128882383764996,
    0.15772728930920857,
    0.13551655077360802,
    0.1147442638687268,
    0.0954924073210235,
    0.07783695941295532,
    0.06184759813140823,
    0.047587426180516555,
    0.03511272194411727,
    0.02447271738068138,
    0.01570940372726508,
    0.008857365779281,
    0.0039436454001117735,
    0.0009876347992284343
  ],
  "losses": [
    -407.1110534667969,
    -421.43475341796875,
    -439.1815185546875,
    -444.6973876953125,
    -427.8191833496094,
    -435.4212341308594,
    -445.7325439453125,
    -470.3526916503906,
    -473.796875,
    -475.2294921875,
    -484.10736083984375,
    -488.6923522949219,
    -470.2606506347656,
    -519.2561645507812,
    -512.3203735351562,
    -515.7427368164062,
    -568.2503051757812,
    -515.4049072265625,
    -538.0621337890625,
    -519.1734619140625,
    -557.5986328125,
    -550.6840209960938,
    -542.7533569335938,
    -526.813720703125,
    -527.8193969726562,
    -558.9700927734375,
    -569.6156616210938,
    -559.0332641601562,
    -539.5409545898438,
    -541.4913940429688,
    -562.2354125976562,
    -564.5255737304688,
    -549.1378173828125,
    -567.5113525390625,
    -580.2178344726562,
    -540.1287841796875,
    -531.9651489257812,
    -555.0428466796875,
    -567.0054931640625,
    -552.3687744140625,
    -534.7330932617188,
    -566.0164794921875,
    -575.4637451171875,
    -550.8640747070312,
    -549.1028442382812,
    -566.9791259765625,
    -560.400146484375,
    -535.7532348632812,
    -558.9085083007812,
    -560.581787109375
  ],
  "parameter_changes": [
    {
      "laser_change": 0.0,
      "pressure_change": 0.0,
      "acquisition_change": 0.0
    },
    {
      "laser_change": 1.0,
      "pressure_change": -1.0,
      "acquisition_change": -1.0
    },
    {
      "laser_change": 0.9595890045166016,
      "pressure_change": -0.9268970489501953,