{
  "method": "EDM_Adam_Cosine_Annealing",
  "trial_num": 1,
  "steps": [
    0,
    1,
    2,
    3,
    4,
    5,
    6,
    7,
    8,
    9,
    10,
    11,
    12,
    13,
    14,
    15,
    16,
    17,
    18,
    19,
    20,
    21,
    22,
    23,
    24,
    25,
    26,
    27,
    28,
    29,
    30,
    31,
    32,
    33,
    34,
    35,
    36,
    37,
    38,
    39,
    40,
    41,
    42,
    43,
    44,
    45,
    46,
    47,
    48,
    49
  ],
  "weighted_sums": [
    1498.6146240234375,
    1839.28955078125,
    1976.885009765625,
    2144.330322265625,
    2138.503173828125,
    2223.71728515625,
    2182.0166015625,
    2137.53759765625,
    2336.69873046875,
    2184.59912109375,
    2235.97607421875,
    2193.707275390625,
    2140.069580078125,
    2170.39990234375,
    2353.21435546875,
    2283.0947265625,
    2207.843017578125,
    2180.45654296875,
    2287.09765625,
    2335.8056640625,
    2321.447265625,
    2367.03662109375,
    2360.463134765625,
    2267.565185546875,
    2202.1044921875,
    2216.35546875,
    2355.5888671875,
    2340.9169921875,
    2350.727294921875,
    2267.79052734375,
    2314.745849609375,
    2204.999267578125,
    2396.46240234375,
    2367.287109375,
    2362.098876953125,
    2288.043212890625,
    2220.1484375,
    2226.834228515625,
    2287.6630859375,
    2342.379638671875,
    2383.927490234375,
    2275.366943359375,
    2289.02294921875,
    2211.8896484375,
    2371.62841796875,
    2244.303955078125,
    2311.98046875,
    2328.803466796875,
    2213.284423828125,
    2299.666259765625
  ],
  "laser_energies": [
    21.236204147338867,
    22.236204147338867,
    23.23601722717285,
    24.208688735961914,
    25.113048553466797,
    25.925941467285156,
    26.608766555786133,
    27.157812118530273,
    27.58782196044922,
    27.904272079467773,
    28.13259506225586,
    28.26759910583496,
    28.32927894592285,
    28.341571807861328,
    28.29623794555664,
    28.203533172607422,
    28.066062927246094,
    27.900957107543945,
    27.729785919189453,
    27.550949096679688,
    27.37377166748047,
    27.19364356994629,
    27.01922035217285,
    26.851518630981445,
    26.699634552001953,
    26.563091278076172,
    26.45136070251465,
    26.355440139770508,
    26.28036117553711,
    26.222972869873047,
    26.180450439453125,
    26.15082550048828,
    26.127614974975586,
    26.105859756469727,
    26.084230422973633,
    26.069961547851562,
    26.05898094177246,
    26.049428939819336,
    26.044921875,
    26.042112350463867,
    26.038984298706055,
    26.03717041015625,
    26.035663604736328,
    26.034442901611328,
    26.03331756591797,
    26.032943725585938,
    26.03318214416504,
    26.033370971679688,
    26.033531188964844,
    26.033565521240234
  ],
  "pressures": [
    29.014286041259766,
    30.014286041259766,
    30.991540908813477,
    31.930219650268555,
    32.85443878173828,
    33.7685661315918,
    34.685096740722656,
    35.57463836669922,
    36.36739730834961,
    37.066246032714844,
    37.6650276184082,
    37.98684310913086,
    38.168182373046875,
    38.27980422973633,
    38.306087493896484,
    38.306217193603516,
    38.31184005737305,
    38.3102912902832,
    38.30060577392578,
    38.313541412353516,
    38.31234359741211,
    38.35717010498047,
    38.40940475463867,
    38.482051849365234,
    38.56907653808594,
    38.65470886230469,
    38.71440505981445,
    38.74324035644531,
    38.743309020996094,
    38.732704162597656,
    38.69807815551758,
    38.64908218383789,
    38.610252380371094,
    38.59257507324219,
    38.59868621826172,
    38.60243225097656,
    38.61746597290039,
    38.6413688659668,
    38.6594123840332,
    38.67250442504883,
    38.68640899658203,
    38.698638916015625,
    38.70909881591797,
    38.71945571899414,
    38.72871017456055,
    38.7352294921875,
    38.738765716552734,
    38.741302490234375,
    38.74267578125,
    38.743507385253906
  ],
  "acquisition_times": [
    31.95981788635254,
    30.95981788635254,
    29.998598098754883,
    29.025114059448242,
    28.063264846801758,
    27.13180160522461,
    26.256534576416016,
    25.42547607421875,
    24.628341674804688,
    23.859453201293945,
    23.131296157836914,
    22.399595260620117,
    21.6831111907959,
    21.00318717956543,
    20.345273971557617,
    19.72002410888672,
    19.13239097595215,
    18.585386276245117,
    18.083402633666992,
    17.628267288208008,
    17.210092544555664,
    16.8414249420166,
    16.509374618530273,
    16.21487045288086,
    15.958252906799316,
    15.730605125427246,
    15.524676322937012,
    15.337635040283203,
    15.168144226074219,
    15.014067649841309,
    14.875435829162598,
    14.74974250793457,
    14.642011642456055,
    14.553339958190918,
    14.482054710388184,
    14.41903305053711,
    14.368762969970703,
    14.329008102416992,
    14.295808792114258,
    14.268254280090332,
    14.246859550476074,
    14.230104446411133,
    14.217819213867188,
    14.208965301513672,
    14.203062057495117,
    14.198822021484375,
    14.19587516784668,
    14.194185256958008,
    14.193220138549805,
    14.192856788635254
  ],
  "learning_rates": [
    1.0,
    0.9990133652007716,
    0.9960573545998883,
    0.9911436342207189,
    0.9842915962727349,
    0.9755282826193186,
    0.9648882780558826,
    0.9524135738194835,
    0.9381534018685916,
    0.9221640405870447,
    0.9045085926789764,
    0.8852567361312731,
    0.8644844492263919,
    0.8422737106907913,
    0.8187121761623498,
    0.7938928322536104,
    0.7679136295761007,
    0.7408770961740204,
    0.7128899328928904,
    0.6840625922800625,
    0.6545088426789764,
    0.6243453192374836,
    0.5936910636022049,
    0.5626670541155353,
    0.5313957283693969,
    0.5000004999999998,
    0.46860527163060295,
    0.43733394588446456,
    0.4063099363977949,
    0.3756556807625161,
    0.34549215732102356,
    0.3159384077199374,
    0.2871110671071094,
    0.2591239038259793,
    0.23208737042389901,
    0.2061081677463896,
    0.18128882383764996,
    0.15772728930920857,
    0.13551655077360802,
    0.1147442638687268,
    0.0954924073210235,
    0.07783695941295532,
    0.06184759813140823,
    0.047587426180516555,
    0.03511272194411727,
    0.02447271738068138,
    0.01570940372726508,
    0.008857365779281,
    0.0039436454001117735,
    0.0009876347992284343
  ],
  "losses": [
    -1498.6146240234375,
    -1839.28955078125,
    -1976.885009765625,
    -2144.330322265625,
    -2138.503173828125,
    -2223.71728515625,
    -2182.0166015625,
    -2137.53759765625,
    -2336.69873046875,
    -2184.59912109375,
    -2235.97607421875,
    -2193.707275390625,
    -2140.069580078125,
    -2170.39990234375,
    -2353.21435546875,
    -2283.0947265625,
    -2207.843017578125,
    -2180.45654296875,
    -2287.09765625,
    -2335.8056640625,
    -2321.447265625,
    -2367.03662109375,
    -2360.463134765625,
    -2267.565185546875,
    -2202.1044921875,
    -2216.35546875,
    -2355.5888671875,
    -2340.9169921875,
    -2350.727294921875,
    -2267.79052734375,
    -2314.745849609375,
    -2204.999267578125,
    -2396.46240234375,
    -2367.287109375,
    -2362.098876953125,
    -2288.043212890625,
    -2220.1484375,
    -2226.834228515625,
    -2287.6630859375,
    -2342.379638671875,
    -2383.927490234375,
    -2275.366943359375,
    -2289.02294921875,
    -2211.8896484375,
    -2371.62841796875,
    -2244.303955078125,
    -2311.98046875,
    -2328.803466796875,
    -2213.284423828125,
    -2299.666259765625
  ],
  "parameter_changes": [
    {
      "laser_change": 0.0,
      "pressure_change": 0.0,
      "acquisition_change": 0.0
    },
    {
      "laser_change": 1.0,
      "pressure_change": 1.0,
      "acquisition_change": -1.0
    },
    {
      "laser_change": 0.9998130798339844,
      "pressure_change": 0.9772548675537109,