{
  "method": "Bayesian_Optimization",
  "trial_num": 5,
  "evaluations": [
    0,
    1,
    2,
    3,
    4,
    5,
    6,
    7,
    8,
    9,
    10,
    11,
    12,
    13,
    14,
    15,
    16,
    17,
    18,
    19,
    20,
    21,
    22,
    23,
    24,
    25,
    26,
    27,
    28,
    29,
    30,
    31,
    32,
    33,
    34,
    35,
    36,
    37,
    38,
    39,
    40,
    41,
    42,
    43,
    44,
    45,
    46,
    47,
    48,
    49
  ],
  "weighted_sums": [
    440.32757568359375,
    344.36395263671875,
    473.80975341796875,
    494.2741394042969,
    532.2470092773438,
    196.36294555664062,
    876.0848388671875,
    885.7645874023438,
    101.90676879882812,
    940.8710327148438,
    929.0452880859375,
    48.212650299072266,
    129.61582946777344,
    0.08356558531522751,
    958.9616088867188,
    2347.79541015625,
    288.122314453125,
    2266.859130859375,
    2393.61376953125,
    2419.57373046875,
    2427.51513671875,
    2411.63671875,
    1957.876953125,
    2405.3369140625,
    2276.541748046875,
    66.94880676269531,
    38.695404052734375,
    2434.01318359375,
    328.49969482421875,
    2194.52490234375,
    51.820377349853516,
    1414.6724853515625,
    56.05155563354492,
    2421.525390625,
    2427.4775390625,
    1064.0118408203125,
    2325.62158203125,
    2306.29833984375,
    2341.0478515625,
    2311.740478515625,
    2323.911376953125,
    2402.68505859375,
    2140.485595703125,
    2288.23828125,
    2252.890380859375,
    1946.376220703125,
    2331.4833984375,
    2218.02734375,
    2260.62255859375,
    1711.947998046875
  ],
  "laser_energies": [
    34.102841202390636,
    33.89628960580699,
    33.26683784616075,
    32.02793426542213,
    25.794221329214086,
    13.075272373136938,
    26.461628717085723,
    24.57311287173002,
    10.0,
    27.16093233707112,
    28.61600672135125,
    40.0,
    10.0,
    22.042052201849234,
    27.3394316747804,
    26.79002658870887,
    40.0,
    25.254226938484447,
    27.69995612427782,
    27.144592258326668,
    27.13690523106008,
    27.015709274874315,
    26.536314250536705,
    28.30075400906144,
    27.359261025385177,
    40.0,
    10.0,
    27.52824361351731,
    10.0,
    29.713515297036945,
    10.0,
    29.16336040389536,
    40.0,
    27.483093678676404,
    27.515807668720388,
    20.92210783219753,
    27.530904951427424,
    27.68290167854294,
    26.844576575755504,
    28.480342799322905,
    26.658827635198772,
    26.869367238390574,
    26.495883819571127,
    28.63938090706396,
    28.009567369345586,
    23.54514854740527,
    28.241060415986716,
    29.11613915094573,
    27.416936599809773,
    27.95309126400428
  ],
  "pressures": [
    20.550445913652894,
    13.668695797323277,
    21.04652416973431,
    21.781680530254697,
    18.70885688632299,
    16.79146563741102,
    27.320974807796574,
    30.0,
    30.0,
    30.0,
    30.0,
    30.0,
    30.0,
    10.0,
    30.0,
    30.0,
    30.0,
    30.0,
    30.0,
    30.0,
    30.0,
    30.0,
    30.0,
    30.0,
    28.629290832127612,
    10.0,
    10.0,
    30.0,
    30.0,
    30.0,
    10.0,
    30.0,
    10.0,
    30.0,
    30.0,
    30.0,
    30.0,
    30.0,
    30.0,
    30.0,
    30.0,
    30.0,
    30.0,
    30.0,
    30.0,
    30.0,
    30.0,
    30.0,
    30.0,
    25.923052147664272
  ],
  "acquisition_times": [
    13.573343950846361,
    33.390730008183084,
    14.107434856624977,
    14.898922777541141,
    15.218110471394136,
    16.843582794221028,
    10.0,
    10.0,
    40.0,
    10.0,
    10.0,
    40.0,
    25.876792113666184,
    40.0,
    10.0,
    18.982730862892982,
    19.900454990186823,
    20.285681488213115,
    20.51885724045174,
    20.675009344113604,
    23.988031536963298,
    22.389647486884396,
    30.901117593815158,
    24.265714856391384,
    23.69780297496816,
    10.0,
    40.0,
    22.940332737049868,
    10.0,
    28.13863525618543,
    10.0,
    40.0,
    40.0,
    22.70381790277999,
    23.106814479725394,
    40.0,
    24.360184376060346,
    21.969371349876198,
    22.301550111958388,
    22.492279063307535,
    22.514942287046708,
    22.1534908998621,
    23.19675601092029,
    22.42089459658734,
    21.61785119797897,
    23.207039039080314,
    24.625865198798337,
    23.823200722455454,
    24.774005871917453,
    26.507314206298236
  ],
  "evaluation_times": [
    0.6200039386749268,
    0.6157121658325195,
    0.6466917991638184,
    0.6406881809234619,
    0.6434841156005859,
    0.6439046859741211,
    0.6403796672821045,
    0.6399095058441162,
    0.6445066928863525,
    0.6374640464782715,
    0.6472113132476807,
    0.6487421989440918,
    0.6372060775756836,
    0.6443886756896973,
    0.6356441974639893,
    0.6385071277618408,
    0.6291592121124268,
    0.6321885585784912,
    0.624579668045044,
    0.6261179447174072,
    0.6251068115234375,
    0.6374621391296387,
    0.6357376575469971,
    0.6331658363342285,
    0.6316640377044678,
    0.6412136554718018,
    0.6413664817810059,
    0.6180460453033447,
    0.6381690502166748,
    0.632056713104248,
    0.6349024772644043,
    0.6322581768035889,
    0.6305332183837891,
    0.6195454597473145,
    0.6209676265716553,
    0.6254727840423584,
    0.6265332698822021,
    0.6245212554931641,
    0.6212778091430664,
    0.6233000755310059,
    0.6240246295928955,
    0.6276519298553467,
    0.6278207302093506,
    0.6270186901092529,
    0.6253676414489746,
    0.6291038990020752,
    0.6339507102966309,
    0.626680850982666,
    0.6305506229400635,
    0.6276085376739502
  ],
  "best_so_far": [
    440.32757568359375,
    440.32757568359375,
    473.80975341796875,
    494.2741394042969,
    532.2470092773438,
    532.2470092773438,
    876.0848388671875,
    885.7645874023438,
    885.7645874023438,
    940.8710327148438,
    940.8710327148438,
    940.8710327148438,
    940.8710327148438,
    940.8710327148438,
    958.9616088867188,
    2347.79541015625,
    2347.79541015625,
    2347.79541015625,
    2393.61376953125,
    2419.57373046875,
    2427.51513671875,
    2427.51513671875,
    2427.51513671875,
    2427.51513671875,
    2427.51513671875,
    2427.51513671875,
    2427.51513671875,
    2434.01318359375,
    2434.01318359375,
    2434.01318359375,
    2434.01318359375,
    2434.01318359375,
    2434.01318359375,
    2434.01318359375,
    2434.01318359375,
    2434.01318359375,
    2434.01318359375,
    2434.01318359375,
    2434.01318359375,
    2434.01318359375,
    2434.01318359375,
    2434.01318359375,
    2434.01318359375,
    2434.01318359375,
    2434.01318359375,
    2434.01318359375,
    2434.01318359375,
    2434.01318359375,
    2434.01318359375,
    2434.01318359375
  ],
  "hyperparameters": {
    "n_calls": 50,
    "n_initial_points": 1,
    "batch_size": 16,
    "acquisition_function": "EI"
  }
}