{
  "method": "EDM_Adam_Cosine_Annealing",
  "trial_num": 4,
  "steps": [
    0,
    1,
    2,
    3,
    4,
    5,
    6,
    7,
    8,
    9,
    10,
    11,
    12,
    13,
    14,
    15,
    16,
    17,
    18,
    19,
    20,
    21,
    22,
    23,
    24,
    25,
    26,
    27,
    28,
    29,
    30,
    31,
    32,
    33,
    34,
    35,
    36,
    37,
    38,
    39,
    40,
    41,
    42,
    43,
    44,
    45,
    46,
    47,
    48,
    49
  ],
  "weighted_sums": [
    562.2149658203125,
    564.6925659179688,
    594.9824829101562,
    579.94482421875,
    583.6870727539062,
    572.63427734375,
    568.7391357421875,
    577.0283813476562,
    554.93798828125,
    568.9603881835938,
    584.8151245117188,
    559.5013427734375,
    593.2367553710938,
    584.9921264648438,
    596.360107421875,
    572.8753051757812,
    570.8367309570312,
    573.572998046875,
    574.5772094726562,
    583.4257202148438,
    598.1461181640625,
    603.0195922851562,
    632.6324462890625,
    662.5557250976562,
    679.0540771484375,
    737.7457275390625,
    764.9706420898438,
    818.747314453125,
    857.6145629882812,
    872.3148193359375,
    890.2646484375,
    907.86767578125,
    890.7340087890625,
    908.823974609375,
    930.3292846679688,
    936.0504150390625,
    945.1961669921875,
    931.392333984375,
    927.6910400390625,
    981.876953125,
    942.2379150390625,
    949.2733154296875,
    964.461181640625,
    954.8971557617188,
    934.2349853515625,
    954.4979858398438,
    944.7432861328125,
    951.0479125976562,
    985.2540893554688,
    959.417236328125
  ],
  "laser_energies": [
    19.700044631958008,
    20.700044631958008,
    21.372949600219727,
    21.310527801513672,
    21.22452163696289,
    21.13495445251465,
    21.062910079956055,
    21.121320724487305,
    21.126720428466797,
    21.100061416625977,
    21.112316131591797,
    21.181020736694336,
    21.337472915649414,
    21.560222625732422,
    21.81791877746582,
    22.082101821899414,
    22.380823135375977,
    22.676456451416016,
    23.008638381958008,
    23.334571838378906,
    23.73810386657715,
    24.205921173095703,
    24.723997116088867,
    25.258583068847656,
    25.79987335205078,
    26.34545135498047,
    26.884838104248047,
    27.409103393554688,
    27.916217803955078,
    28.38965606689453,
    28.796977996826172,
    29.119571685791016,
    29.35733413696289,
    29.514341354370117,
    29.602710723876953,
    29.637203216552734,
    29.629169464111328,
    29.602783203125,
    29.569082260131836,
    29.53131866455078,
    29.489459991455078,
    29.447851181030273,
    29.41185188293457,
    29.379470825195312,
    29.35544776916504,
    29.338115692138672,
    29.32666015625,
    29.31886100769043,
    29.314496994018555,
    29.312580108642578
  ],
  "pressures": [
    14.604942321777344,
    13.604942321777344,
    14.127128601074219,
    14.785188674926758,
    15.078227996826172,
    15.25037670135498,
    15.306180000305176,
    15.23044204711914,
    15.296819686889648,
    15.439801216125488,
    15.595681190490723,
    15.777739524841309,
    15.904385566711426,
    16.001628875732422,
    16.089635848999023,
    16.241676330566406,
    16.428991317749023,
    16.650854110717773,
    16.88985252380371,
    17.211788177490234,
    17.548473358154297,
    17.93647003173828,
    18.3562068939209,
    18.803009033203125,
    19.253082275390625,
    19.724382400512695,
    20.199298858642578,
    20.664796829223633,
    21.128238677978516,
    21.578834533691406,
    22.005605697631836,
    22.402149200439453,
    22.768041610717773,
    23.103368759155273,
    23.409408569335938,
    23.6855411529541,
    23.93216323852539,
    24.145999908447266,
    24.326412200927734,
    24.475622177124023,
    24.5980167388916,
    24.696144104003906,
    24.77316665649414,
    24.832616806030273,
    24.875459671020508,
    24.90488052368164,
    24.924379348754883,
    24.936670303344727,
    24.943195343017578,
    24.945953369140625
  ],
  "acquisition_times": [
    33.8133659362793,
    32.8133659362793,
    32.29609298706055,
    31.98459243774414,
    31.542644500732422,
    31.065837860107422,
    30.52033805847168,
    29.98810386657715,
    29.68463706970215,
    29.522775650024414,
    29.432310104370117,
    29.418148040771484,
    29.402036666870117,
    29.407495498657227,
    29.430686950683594,
    29.51458740234375,
    29.62796974182129,
    29.714092254638672,
    29.74399185180664,
    29.77106285095215,
    29.65115737915039,
    29.402915954589844,
    29.051376342773438,
    28.636472702026367,
    28.17131233215332,
    27.68254280090332,
    27.19501304626465,
    26.735633850097656,
    26.280431747436523,
    25.8453426361084,
    25.44842529296875,
    25.091995239257812,
    24.782533645629883,
    24.52056312561035,
    24.298799514770508,
    24.111961364746094,
    23.957866668701172,
    23.820802688598633,
    23.69877815246582,
    23.590164184570312,
    23.49578285217285,
    23.414690017700195,
    23.347007751464844,
    23.292448043823242,
    23.247800827026367,
    23.21315574645996,
    23.188793182373047,
    23.173654556274414,
    23.16472625732422,
    23.16061019897461
  ],
  "learning_rates": [
    1.0,
    0.9990133652007716,
    0.9960573545998883,
    0.9911436342207189,
    0.9842915962727349,
    0.9755282826193186,
    0.9648882780558826,
    0.9524135738194835,
    0.9381534018685916,
    0.9221640405870447,
    0.9045085926789764,
    0.8852567361312731,
    0.8644844492263919,
    0.8422737106907913,
    0.8187121761623498,
    0.7938928322536104,
    0.7679136295761007,
    0.7408770961740204,
    0.7128899328928904,
    0.6840625922800625,
    0.6545088426789764,
    0.6243453192374836,
    0.5936910636022049,
    0.5626670541155353,
    0.5313957283693969,
    0.5000004999999998,
    0.46860527163060295,
    0.43733394588446456,
    0.4063099363977949,
    0.3756556807625161,
    0.34549215732102356,
    0.3159384077199374,
    0.2871110671071094,
    0.2591239038259793,
    0.23208737042389901,
    0.2061081677463896,
    0.18128882383764996,
    0.15772728930920857,
    0.13551655077360802,
    0.1147442638687268,
    0.0954924073210235,
    0.07783695941295532,
    0.06184759813140823,
    0.047587426180516555,
    0.03511272194411727,
    0.02447271738068138,
    0.01570940372726508,
    0.008857365779281,
    0.0039436454001117735,
    0.0009876347992284343
  ],
  "losses": [
    -562.2149658203125,
    -564.6925659179688,
    -594.9824829101562,
    -579.94482421875,
    -583.6870727539062,
    -572.63427734375,
    -568.7391357421875,
    -577.0283813476562,
    -554.93798828125,
    -568.9603881835938,
    -584.8151245117188,
    -559.5013427734375,
    -593.2367553710938,
    -584.9921264648438,
    -596.360107421875,
    -572.8753051757812,
    -570.8367309570312,
    -573.572998046875,
    -574.5772094726562,
    -583.4257202148438,
    -598.1461181640625,
    -603.0195922851562,
    -632.6324462890625,
    -662.5557250976562,
    -679.0540771484375,
    -737.7457275390625,
    -764.9706420898438,
    -818.747314453125,
    -857.6145629882812,
    -872.3148193359375,
    -890.2646484375,
    -907.86767578125,
    -890.7340087890625,
    -908.823974609375,
    -930.3292846679688,
    -936.0504150390625,
    -945.1961669921875,
    -931.392333984375,
    -927.6910400390625,
    -981.876953125,
    -942.2379150390625,
    -949.2733154296875,
    -964.461181640625,
    -954.8971557617188,
    -934.2349853515625,
    -954.4979858398438,
    -944.7432861328125,
    -951.0479125976562,
    -985.2540893554688,
    -959.417236328125
  ],
  "parameter_changes": [
    {
      "laser_change": 0.0,
      "pressure_change": 0.0,
      "acquisition_change": 0.0
    },
    {
      "laser_change": 1.0,
      "pressure_change": -1.0,
      "acquisition_change": -1.0
    },
    {
      "laser_change": 0.6729049682617188,
      "pressure_change": 0.522186279296875,