{
  "method": "EDM_LBFGS_Cosine_Annealing",
  "trial_num": 1,
  "steps": [
    0,
    1,
    2,
    3,
    4,
    5,
    6,
    7,
    8,
    9,
    10,
    11,
    12,
    13,
    14,
    15,
    16,
    17,
    18,
    19,
    20,
    21,
    22,
    23,
    24,
    25,
    26,
    27,
    28,
    29,
    30,
    31,
    32,
    33,
    34,
    35,
    36,
    37,
    38,
    39,
    40,
    41,
    42,
    43,
    44,
    45,
    46,
    47,
    48,
    49
  ],
  "weighted_sums": [
    623.4954833984375,
    647.5910034179688,
    745.944091796875,
    818.2940673828125,
    866.1085815429688,
    799.287841796875,
    792.8075561523438,
    766.0009765625,
    843.6289672851562,
    795.12841796875,
    941.8574829101562,
    671.1573486328125,
    705.8499755859375,
    750.9879760742188,
    781.3148193359375,
    801.00390625,
    829.0377197265625,
    858.023193359375,
    694.2616577148438,
    683.13037109375,
    805.2645263671875,
    608.1744384765625,
    787.8960571289062,
    677.5771484375,
    786.4005126953125,
    753.9691162109375,
    767.2001342773438,
    752.9156494140625,
    723.58349609375,
    855.3407592773438,
    741.5755615234375,
    862.033203125,
    723.5999755859375,
    742.1696166992188,
    757.7144775390625,
    742.9757080078125,
    776.2776489257812,
    841.5927734375,
    820.014892578125,
    787.2783203125,
    851.589111328125,
    750.7808227539062,
    784.8461303710938,
    764.24609375,
    835.1168212890625,
    858.2423095703125,
    702.5225830078125,
    810.5908203125,
    664.7548828125,
    797.50830078125
  ],
  "laser_energies": [
    21.236204147338867,
    21.21278953552246,
    21.31893539428711,
    21.480871200561523,
    21.585573196411133,
    22.54703140258789,
    22.376623153686523,
    22.360517501831055,
    22.011796951293945,
    22.011953353881836,
    22.011953353881836,
    22.011953353881836,
    22.011953353881836,
    22.011953353881836,
    22.011953353881836,
    22.011953353881836,
    22.011953353881836,
    22.011953353881836,
    22.011953353881836,
    22.011953353881836,
    22.011953353881836,
    22.011953353881836,
    22.011953353881836,
    22.011953353881836,
    22.011953353881836,
    22.011953353881836,
    22.011953353881836,
    22.011953353881836,
    22.011953353881836,
    22.011953353881836,
    22.011953353881836,
    22.011953353881836,
    22.011953353881836,
    22.011953353881836,
    22.011953353881836,
    22.011953353881836,
    22.011953353881836,
    22.011953353881836,
    22.011953353881836,
    22.011953353881836,
    22.011953353881836,
    22.011953353881836,
    22.011953353881836,
    22.011953353881836,
    22.011953353881836,
    22.011953353881836,
    22.011953353881836,
    22.011953353881836,
    22.011953353881836,
    22.011953353881836
  ],
  "pressures": [
    29.014286041259766,
    29.066980361938477,
    28.948633193969727,
    28.758628845214844,
    28.63885498046875,
    27.532054901123047,
    27.72828483581543,
    27.7469539642334,
    28.148488998413086,
    28.14830780029297,
    28.14830780029297,
    28.14830780029297,
    28.14830780029297,
    28.14830780029297,
    28.14830780029297,
    28.14830780029297,
    28.14830780029297,
    28.14830780029297,
    28.14830780029297,
    28.14830780029297,
    28.14830780029297,
    28.14830780029297,
    28.14830780029297,
    28.14830780029297,
    28.14830780029297,
    28.14830780029297,
    28.14830780029297,
    28.14830780029297,
    28.14830780029297,
    28.14830780029297,
    28.14830780029297,
    28.14830780029297,
    28.14830780029297,
    28.14830780029297,
    28.14830780029297,
    28.14830780029297,
    28.14830780029297,
    28.14830780029297,
    28.14830780029297,
    28.14830780029297,
    28.14830780029297,
    28.14830780029297,
    28.14830780029297,
    28.14830780029297,
    28.14830780029297,
    28.14830780029297,
    28.14830780029297,
    28.14830780029297,
    28.14830780029297,
    28.14830780029297
  ],
  "acquisition_times": [
    31.95981788635254,
    32.33757781982422,
    32.60185623168945,
    32.97443771362305,
    33.21318435668945,
    35.24810028076172,
    34.88733673095703,
    34.85299301147461,
    34.119747161865234,
    34.12007522583008,
    34.12007522583008,
    34.12007522583008,
    34.12007522583008,
    34.12007522583008,
    34.12007522583008,
    34.12007522583008,
    34.12007522583008,
    34.12007522583008,
    34.12007522583008,
    34.12007522583008,
    34.12007522583008,
    34.12007522583008,
    34.12007522583008,
    34.12007522583008,
    34.12007522583008,
    34.12007522583008,
    34.12007522583008,
    34.12007522583008,
    34.12007522583008,
    34.12007522583008,
    34.12007522583008,
    34.12007522583008,
    34.12007522583008,
    34.12007522583008,
    34.12007522583008,
    34.12007522583008,
    34.12007522583008,
    34.12007522583008,
    34.12007522583008,
    34.12007522583008,
    34.12007522583008,
    34.12007522583008,
    34.12007522583008,
    34.12007522583008,
    34.12007522583008,
    34.12007522583008,
    34.12007522583008,
    34.12007522583008,
    34.12007522583008,
    34.12007522583008
  ],
  "learning_rates": [
    0.1,
    0.09990133740804936,
    0.09960573900837325,
    0.09911437139280907,
    0.09842917376485098,
    0.09755285028649953,
    0.09648885940616962,
    0.09524140020977474,
    0.09381539584885315,
    0.09221647411113801,
    0.09045094521025018,
    0.08852577688216808,
    0.08644856688675687,
    0.08422751302288148,
    0.08187138077543962,
    0.07938946872199754,
    0.07679157183555235,
    0.07408794282824872,
    0.07128925168860786,
    0.06840654357195758,
    0.0654511952102502,
    0.062434870013299164,
    0.05936947203862896,
    0.05626709901159846,
    0.05313999458120593,
    0.05000050000000002,
    0.046861005418794115,
    0.04373390098840159,
    0.04063152796137108,
    0.03756612998670086,
    0.034549804789749845,
    0.03159445642804247,
    0.028711748311392157,
    0.025913057171751287,
    0.02320942816444765,
    0.0206115312780025,
    0.01812961922456039,
    0.01577348697711853,
    0.013552433113243147,
    0.011475223117831933,
    0.009550054789749822,
    0.0077845258888620105,
    0.006185604151146845,
    0.004759599790225267,
    0.0035121405938303776,
    0.0024481497135004715,
    0.001571826235149016,
    0.0008866286071909283,
    0.000395260991626769,
    9.96625919506362e-05
  ],
  "losses": [
    -623.4954833984375,
    -647.5910034179688,
    -745.944091796875,
    -818.2940673828125,
    -866.1085815429688,
    -799.287841796875,
    -792.8075561523438,
    -766.0009765625,
    -843.6289672851562,
    -795.12841796875,
    -941.8574829101562,
    -671.1573486328125,
    -705.8499755859375,
    -750.9879760742188,
    -781.3148193359375,
    -801.00390625,
    -829.0377197265625,
    -858.023193359375,
    -694.2616577148438,
    -683.13037109375,
    -805.2645263671875,
    -608.1744384765625,
    -787.8960571289062,
    -677.5771484375,
    -786.4005126953125,
    -753.9691162109375,
    -767.2001342773438,
    -752.9156494140625,
    -723.58349609375,
    -855.3407592773438,
    -741.5755615234375,
    -862.033203125,
    -723.5999755859375,
    -742.1696166992188,
    -757.7144775390625,
    -742.9757080078125,
    -776.2776489257812,
    -841.5927734375,
    -820.014892578125,
    -787.2783203125,
    -851.589111328125,
    -750.7808227539062,
    -784.8461303710938,
    -764.24609375,
    -835.1168212890625,
    -858.2423095703125,
    -702.5225830078125,
    -810.5908203125,
    -664.7548828125,
    -797.50830078125
  ],
  "parameter_changes": [
    {
      "laser_change": 0.0,
      "pressure_change": 0.0,
      "acquisition_change": 0.0
    },
    {
      "laser_change": -0.02341461181640625,
      "pressure_change": 0.05269432067871094,
      "acquisition_change": 0.3777599334716797
    },
    {
      "laser_change": 0.10614585876464844,
      "pressure_change": -0.11834716796875,