{
  "method": "EDM_Adam_Cosine_Annealing",
  "trial_num": 3,
  "steps": [
    0,
    1,
    2,
    3,
    4,
    5,
    6,
    7,
    8,
    9,
    10,
    11,
    12,
    13,
    14,
    15,
    16,
    17,
    18,
    19,
    20,
    21,
    22,
    23,
    24,
    25,
    26,
    27,
    28,
    29,
    30,
    31,
    32,
    33,
    34,
    35,
    36,
    37,
    38,
    39,
    40,
    41,
    42,
    43,
    44,
    45,
    46,
    47,
    48,
    49
  ],
  "weighted_sums": [
    77.02313995361328,
    224.26495361328125,
    511.2602844238281,
    517.5452270507812,
    555.2774047851562,
    557.4138793945312,
    588.4605712890625,
    569.5794677734375,
    564.45849609375,
    575.72412109375,
    576.0126342773438,
    599.3820190429688,
    571.9652099609375,
    585.4572143554688,
    562.405517578125,
    587.101806640625,
    585.7208251953125,
    592.7014770507812,
    595.1925048828125,
    617.5007934570312,
    642.2362670898438,
    607.9755249023438,
    613.7543334960938,
    631.7197265625,
    630.4937744140625,
    637.3424072265625,
    640.5711059570312,
    632.1722412109375,
    652.345458984375,
    652.0391845703125,
    641.3546752929688,
    666.5054321289062,
    656.1983642578125,
    664.807373046875,
    683.0372924804688,
    663.2767333984375,
    669.8151245117188,
    678.607177734375,
    678.8856201171875,
    694.4292602539062,
    694.951171875,
    695.3311767578125,
    703.6605834960938,
    707.8819580078125,
    687.1165771484375,
    705.7158203125,
    708.0601806640625,
    700.884765625,
    694.4059448242188,
    676.6455078125
  ],
  "laser_energies": [
    17.462677001953125,
    18.462677001953125,
    19.38408851623535,
    20.175004959106445,
    20.829626083374023,
    21.383874893188477,
    21.858768463134766,
    22.270532608032227,
    22.627058029174805,
    22.93414878845215,
    23.19483184814453,
    23.4171199798584,
    23.606996536254883,
    23.773408889770508,
    23.925031661987305,
    24.07741928100586,
    24.233367919921875,
    24.381591796875,
    24.521343231201172,
    24.650585174560547,
    24.771244049072266,
    24.87994956970215,
    24.97821617126465,
    25.068111419677734,
    25.153287887573242,
    25.234865188598633,
    25.312091827392578,
    25.385616302490234,
    25.45778465270996,
    25.52897834777832,
    25.599380493164062,
    25.666664123535156,
    25.731348037719727,
    25.792987823486328,
    25.854589462280273,
    25.913320541381836,
    25.9699649810791,
    26.02069091796875,
    26.06705093383789,
    26.109149932861328,
    26.14659309387207,
    26.17809295654297,
    26.20492935180664,
    26.226484298706055,
    26.24368667602539,
    26.25693130493164,
    26.26663589477539,
    26.273046493530273,
    26.27665901184082,
    26.278345108032227
  ],
  "pressures": [
    13.261335372924805,
    14.261335372924805,
    15.256275177001953,
    15.389418601989746,
    15.480550765991211,
    15.547329902648926,
    15.598999977111816,
    15.639649391174316,
    15.673212051391602,
    15.706236839294434,
    15.753580093383789,
    15.817481994628906,
    15.900148391723633,
    16.002309799194336,
    16.12940216064453,
    16.273853302001953,
    16.431821823120117,
    16.60554313659668,
    16.788639068603516,
    16.97439193725586,
    17.16007423400879,
    17.346981048583984,
    17.529237747192383,
    17.705669403076172,
    17.87417221069336,
    18.033668518066406,
    18.18549346923828,
    18.328645706176758,
    18.462602615356445,
    18.58477783203125,
    18.698448181152344,
    18.807170867919922,
    18.909215927124023,
    19.003053665161133,
    19.08558464050293,
    19.159683227539062,
    19.226512908935547,
    19.287614822387695,
    19.342397689819336,
    19.392038345336914,
    19.436681747436523,
    19.475543975830078,
    19.50796890258789,
    19.534809112548828,
    19.556381225585938,
    19.57288932800293,
    19.584749221801758,
    19.592700958251953,
    19.597328186035156,
    19.599435806274414
  ],
  "acquisition_times": [
    33.50929641723633,
    34.50929641723633,
    34.3036994934082,
    33.649497985839844,
    33.09711837768555,
    32.622859954833984,
    32.20825958251953,
    31.84237289428711,
    31.516494750976562,
    31.2274112701416,
    30.97248077392578,
    30.747982025146484,
    30.54778480529785,
    30.370330810546875,
    30.213003158569336,
    30.071361541748047,
    29.942806243896484,
    29.8256778717041,
    29.71907615661621,
    29.620315551757812,
    29.5274600982666,
    29.442136764526367,
    29.359922409057617,
    29.28030014038086,
    29.203073501586914,
    29.127445220947266,
    29.053287506103516,
    28.98093605041504,
    28.90930938720703,
    28.83731460571289,
    28.76648712158203,
    28.697980880737305,
    28.633094787597656,
    28.57118797302246,
    28.510406494140625,
    28.452903747558594,
    28.39792251586914,
    28.349105834960938,
    28.30499839782715,
    28.265962600708008,
    28.23215103149414,
    28.203763961791992,
    28.179956436157227,
    28.1610107421875,
    28.146163940429688,
    28.134878158569336,
    28.12672233581543,
    28.12140464782715,
    28.118398666381836,
    28.117013931274414
  ],
  "learning_rates": [
    1.0,
    0.9990133652007716,
    0.9960573545998883,
    0.9911436342207189,
    0.9842915962727349,
    0.9755282826193186,
    0.9648882780558826,
    0.9524135738194835,
    0.9381534018685916,
    0.9221640405870447,
    0.9045085926789764,
    0.8852567361312731,
    0.8644844492263919,
    0.8422737106907913,
    0.8187121761623498,
    0.7938928322536104,
    0.7679136295761007,
    0.7408770961740204,
    0.7128899328928904,
    0.6840625922800625,
    0.6545088426789764,
    0.6243453192374836,
    0.5936910636022049,
    0.5626670541155353,
    0.5313957283693969,
    0.5000004999999998,
    0.46860527163060295,
    0.43733394588446456,
    0.4063099363977949,
    0.3756556807625161,
    0.34549215732102356,
    0.3159384077199374,
    0.2871110671071094,
    0.2591239038259793,
    0.23208737042389901,
    0.2061081677463896,
    0.18128882383764996,
    0.15772728930920857,
    0.13551655077360802,
    0.1147442638687268,
    0.0954924073210235,
    0.07783695941295532,
    0.06184759813140823,
    0.047587426180516555,
    0.03511272194411727,
    0.02447271738068138,
    0.01570940372726508,
    0.008857365779281,
    0.0039436454001117735,
    0.0009876347992284343
  ],
  "losses": [
    -77.02313995361328,
    -224.26495361328125,
    -511.2602844238281,
    -517.5452270507812,
    -555.2774047851562,
    -557.4138793945312,
    -588.4605712890625,
    -569.5794677734375,
    -564.45849609375,
    -575.72412109375,
    -576.0126342773438,
    -599.3820190429688,
    -571.9652099609375,
    -585.4572143554688,
    -562.405517578125,
    -587.101806640625,
    -585.7208251953125,
    -592.7014770507812,
    -595.1925048828125,
    -617.5007934570312,
    -642.2362670898438,
    -607.9755249023438,
    -613.7543334960938,
    -631.7197265625,
    -630.4937744140625,
    -637.3424072265625,
    -640.5711059570312,
    -632.1722412109375,
    -652.345458984375,
    -652.0391845703125,
    -641.3546752929688,
    -666.5054321289062,
    -656.1983642578125,
    -664.807373046875,
    -683.0372924804688,
    -663.2767333984375,
    -669.8151245117188,
    -678.607177734375,
    -678.8856201171875,
    -694.4292602539062,
    -694.951171875,
    -695.3311767578125,
    -703.6605834960938,
    -707.8819580078125,
    -687.1165771484375,
    -705.7158203125,
    -708.0601806640625,
    -700.884765625,
    -694.4059448242188,
    -676.6455078125
  ],
  "parameter_changes": [
    {
      "laser_change": 0.0,
      "pressure_change": 0.0,
      "acquisition_change": 0.0
    },
    {
      "laser_change": 1.0,
      "pressure_change": 1.0,
      "acquisition_change": 1.0
    },
    {
      "laser_change": 0.9214115142822266,
      "pressure_change": 0.9949398040771484,