{
  "method": "EDM_LBFGS_Cosine_Annealing",
  "trial_num": 3,
  "steps": [
    0,
    1,
    2,
    3,
    4,
    5,
    6,
    7,
    8,
    9,
    10,
    11,
    12,
    13,
    14,
    15,
    16,
    17,
    18,
    19,
    20,
    21,
    22,
    23,
    24,
    25,
    26,
    27,
    28,
    29,
    30,
    31,
    32,
    33,
    34,
    35,
    36,
    37,
    38,
    39,
    40,
    41,
    42,
    43,
    44,
    45,
    46,
    47,
    48,
    49
  ],
  "weighted_sums": [
    1883.091552734375,
    2324.94921875,
    2221.447998046875,
    2273.44287109375,
    2410.803955078125,
    1997.2364501953125,
    2326.8681640625,
    2311.62744140625,
    2377.52880859375,
    2050.57080078125,
    2166.994873046875,
    2180.20166015625,
    2436.64013671875,
    2266.916748046875,
    2201.23876953125,
    2485.160400390625,
    2204.609130859375,
    2301.392822265625,
    2130.51513671875,
    2400.36376953125,
    2399.556640625,
    2228.568603515625,
    2007.975830078125,
    2331.89404296875,
    2261.457275390625,
    1973.2247314453125,
    2259.681884765625,
    2065.80859375,
    2326.72216796875,
    2279.3740234375,
    2100.561767578125,
    2334.34033203125,
    2066.379150390625,
    2141.168701171875,
    2165.453857421875,
    1908.806396484375,
    2140.56201171875,
    2146.612548828125,
    2356.16943359375,
    2377.1181640625,
    2374.202392578125,
    2289.283447265625,
    2417.1611328125,
    2105.82666015625,
    2166.725830078125,
    2124.749267578125,
    2655.07373046875,
    2324.6220703125,
    2299.792724609375,
    2154.091064453125
  ],
  "laser_energies": [
    17.462677001953125,
    16.925048828125,
    16.86397933959961,
    16.863954544067383,
    16.863954544067383,
    16.863954544067383,
    16.863954544067383,
    16.863954544067383,
    16.863954544067383,
    16.863954544067383,
    16.863954544067383,
    16.863954544067383,
    16.863954544067383,
    16.863954544067383,
    16.863954544067383,
    16.863954544067383,
    16.863954544067383,
    16.863954544067383,
    16.863954544067383,
    16.863954544067383,
    16.863954544067383,
    16.863954544067383,
    16.863954544067383,
    16.863954544067383,
    16.863954544067383,
    16.863954544067383,
    16.863954544067383,
    16.863954544067383,
    16.863954544067383,
    16.863954544067383,
    16.863954544067383,
    16.863954544067383,
    16.863954544067383,
    16.863954544067383,
    16.863954544067383,
    16.863954544067383,
    16.863954544067383,
    16.863954544067383,
    16.863954544067383,
    16.863954544067383,
    16.863954544067383,
    16.863954544067383,
    16.863954544067383,
    16.863954544067383,
    16.863954544067383,
    16.863954544067383,
    16.863954544067383,
    16.863954544067383,
    16.863954544067383,
    16.863954544067383
  ],
  "pressures": [
    13.261335372924805,
    14.329174041748047,
    14.340926170349121,
    14.340946197509766,
    14.340946197509766,
    14.340946197509766,
    14.340946197509766,
    14.340946197509766,
    14.340946197509766,
    14.340946197509766,
    14.340946197509766,
    14.340946197509766,
    14.340946197509766,
    14.340946197509766,
    14.340946197509766,
    14.340946197509766,
    14.340946197509766,
    14.340946197509766,
    14.340946197509766,
    14.340946197509766,
    14.340946197509766,
    14.340946197509766,
    14.340946197509766,
    14.340946197509766,
    14.340946197509766,
    14.340946197509766,
    14.340946197509766,
    14.340946197509766,
    14.340946197509766,
    14.340946197509766,
    14.340946197509766,
    14.340946197509766,
    14.340946197509766,
    14.340946197509766,
    14.340946197509766,
    14.340946197509766,
    14.340946197509766,
    14.340946197509766,
    14.340946197509766,
    14.340946197509766,
    14.340946197509766,
    14.340946197509766,
    14.340946197509766,
    14.340946197509766,
    14.340946197509766,
    14.340946197509766,
    14.340946197509766,
    14.340946197509766,
    14.340946197509766,
    14.340946197509766
  ],
  "acquisition_times": [
    33.50929641723633,
    33.823753356933594,
    33.82478713989258,
    33.824546813964844,
    33.824546813964844,
    33.824546813964844,
    33.824546813964844,
    33.824546813964844,
    33.824546813964844,
    33.824546813964844,
    33.824546813964844,
    33.824546813964844,
    33.824546813964844,
    33.824546813964844,
    33.824546813964844,
    33.824546813964844,
    33.824546813964844,
    33.824546813964844,
    33.824546813964844,
    33.824546813964844,
    33.824546813964844,
    33.824546813964844,
    33.824546813964844,
    33.824546813964844,
    33.824546813964844,
    33.824546813964844,
    33.824546813964844,
    33.824546813964844,
    33.824546813964844,
    33.824546813964844,
    33.824546813964844,
    33.824546813964844,
    33.824546813964844,
    33.824546813964844,
    33.824546813964844,
    33.824546813964844,
    33.824546813964844,
    33.824546813964844,
    33.824546813964844,
    33.824546813964844,
    33.824546813964844,
    33.824546813964844,
    33.824546813964844,
    33.824546813964844,
    33.824546813964844,
    33.824546813964844,
    33.824546813964844,
    33.824546813964844,
    33.824546813964844,
    33.824546813964844
  ],
  "learning_rates": [
    0.1,
    0.09990133740804936,
    0.09960573900837325,
    0.09911437139280907,
    0.09842917376485098,
    0.09755285028649953,
    0.09648885940616962,
    0.09524140020977474,
    0.09381539584885315,
    0.09221647411113801,
    0.09045094521025018,
    0.08852577688216808,
    0.08644856688675687,
    0.08422751302288148,
    0.08187138077543962,
    0.07938946872199754,
    0.07679157183555235,
    0.07408794282824872,
    0.07128925168860786,
    0.06840654357195758,
    0.0654511952102502,
    0.062434870013299164,
    0.05936947203862896,
    0.05626709901159846,
    0.05313999458120593,
    0.05000050000000002,
    0.046861005418794115,
    0.04373390098840159,
    0.04063152796137108,
    0.03756612998670086,
    0.034549804789749845,
    0.03159445642804247,
    0.028711748311392157,
    0.025913057171751287,
    0.02320942816444765,
    0.0206115312780025,
    0.01812961922456039,
    0.01577348697711853,
    0.013552433113243147,
    0.011475223117831933,
    0.009550054789749822,
    0.0077845258888620105,
    0.006185604151146845,
    0.004759599790225267,
    0.0035121405938303776,
    0.0024481497135004715,
    0.001571826235149016,
    0.0008866286071909283,
    0.000395260991626769,
    9.96625919506362e-05
  ],
  "losses": [
    -1883.091552734375,
    -2324.94921875,
    -2221.447998046875,
    -2273.44287109375,
    -2410.803955078125,
    -1997.2364501953125,
    -2326.8681640625,
    -2311.62744140625,
    -2377.52880859375,
    -2050.57080078125,
    -2166.994873046875,
    -2180.20166015625,
    -2436.64013671875,
    -2266.916748046875,
    -2201.23876953125,
    -2485.160400390625,
    -2204.609130859375,
    -2301.392822265625,
    -2130.51513671875,
    -2400.36376953125,
    -2399.556640625,
    -2228.568603515625,
    -2007.975830078125,
    -2331.89404296875,
    -2261.457275390625,
    -1973.2247314453125,
    -2259.681884765625,
    -2065.80859375,
    -2326.72216796875,
    -2279.3740234375,
    -2100.561767578125,
    -2334.34033203125,
    -2066.379150390625,
    -2141.168701171875,
    -2165.453857421875,
    -1908.806396484375,
    -2140.56201171875,
    -2146.612548828125,
    -2356.16943359375,
    -2377.1181640625,
    -2374.202392578125,
    -2289.283447265625,
    -2417.1611328125,
    -2105.82666015625,
    -2166.725830078125,
    -2124.749267578125,
    -2655.07373046875,
    -2324.6220703125,
    -2299.792724609375,
    -2154.091064453125
  ],
  "parameter_changes": [
    {
      "laser_change": 0.0,
      "pressure_change": 0.0,
      "acquisition_change": 0.0
    },
    {
      "laser_change": -0.537628173828125,
      "pressure_change": 1.0678386688232422,