{
  "method": "Bayesian_Optimization",
  "trial_num": 3,
  "evaluations": [
    0,
    1,
    2,
    3,
    4,
    5,
    6,
    7,
    8,
    9,
    10,
    11,
    12,
    13,
    14,
    15,
    16,
    17,
    18,
    19,
    20,
    21,
    22,
    23,
    24,
    25,
    26,
    27,
    28,
    29,
    30,
    31,
    32,
    33,
    34,
    35,
    36,
    37,
    38,
    39,
    40,
    41,
    42,
    43,
    44,
    45,
    46,
    47,
    48,
    49
  ],
  "weighted_sums": [
    77.02313995361328,
    384.0372009277344,
    306.5202941894531,
    410.4893493652344,
    554.819580078125,
    149.17665100097656,
    739.9930419921875,
    886.5352172851562,
    1468.4176025390625,
    1349.0013427734375,
    1410.0216064453125,
    1459.582275390625,
    108.7655258178711,
    1473.6712646484375,
    1530.881591796875,
    1419.6773681640625,
    1542.7603759765625,
    849.4036254882812,
    1938.438232421875,
    2289.945068359375,
    1988.769775390625,
    277.92071533203125,
    52.964447021484375,
    764.848876953125,
    161.25213623046875,
    206.92129516601562,
    75.52822875976562,
    824.1007080078125,
    1921.4697265625,
    1031.32666015625,
    496.9775390625,
    41.314605712890625,
    394.663818359375,
    766.0111083984375,
    225.81478881835938,
    163.04254150390625,
    2074.632080078125,
    164.9142303466797,
    383.5950012207031,
    896.1229858398438,
    1951.42138671875,
    91.70945739746094,
    33.79570388793945,
    177.7784423828125,
    2088.29248046875,
    2055.798828125,
    77.44020080566406,
    316.3660888671875,
    1262.26318359375,
    2165.982666015625
  ],
  "laser_energies": [
    17.462677280713052,
    33.89628960580699,
    34.17026137128113,
    33.47424864739321,
    33.59125460604553,
    38.90878128812909,
    31.88594313299301,
    29.40975155278352,
    27.351224917726803,
    22.63426522044757,
    26.65082298667462,
    26.187508507024326,
    10.0,
    26.307142930648393,
    26.32867526411845,
    29.163894309042945,
    19.679493232936842,
    14.939959900696579,
    21.594901985554706,
    22.863250300666685,
    23.87421607905091,
    23.36328772985462,
    10.0,
    23.04436710564749,
    40.0,
    10.0,
    40.0,
    26.667221935389648,
    23.272909660971187,
    31.816788297513515,
    17.42031185191629,
    27.07761336375587,
    31.329234289040393,
    35.86559901142583,
    10.0,
    23.103550634080563,
    23.78027483310156,
    40.0,
    31.52988730419754,
    18.26889695856669,
    24.34243462468369,
    39.974482788361996,
    10.65646908725845,
    10.147266237893298,
    22.024260749321783,
    22.34465238451706,
    16.25014861219815,
    10.018753875158607,
    22.944569370825917,
    22.244371520227844
  ],
  "pressures": [
    13.26133566372713,
    13.668695797323277,
    12.382153595775616,
    15.650559917708122,
    30.0,
    30.0,
    30.0,
    30.0,
    30.0,
    30.0,
    27.565115468528948,
    30.0,
    30.0,
    30.0,
    30.0,
    30.0,
    30.0,
    30.0,
    30.0,
    30.0,
    30.0,
    10.0,
    10.0,
    25.93816692350641,
    22.1388889442578,
    21.003453646996604,
    10.0,
    20.37481024132408,
    30.0,
    24.759149521333107,
    22.50286408250371,
    10.0,
    21.85206313591069,
    30.0,
    16.400500915286575,
    17.336396074406316,
    30.0,
    17.660944385058745,
    10.0,
    29.543075238797158,
    29.90870066037163,
    10.536138889393134,
    10.553249080224838,
    23.088707172552752,
    29.98224011852602,
    29.995462208268396,
    18.23192208621838,
    29.41980999890904,
    26.050171085264402,
    29.970959027670176
  ],
  "acquisition_times": [
    33.50929766923683,
    33.390730008183084,
    37.31008204669536,
    27.353133159628456,
    10.0,
    10.0,
    10.0,
    10.0,
    40.0,
    40.0,
    40.0,
    40.0,
    40.0,
    40.0,
    40.0,
    40.0,
    10.0,
    10.0,
    10.0,
    10.0,
    10.0,
    10.0,
    10.0,
    10.0,
    40.0,
    10.0,
    10.0,
    40.0,
    18.648186095414815,
    40.0,
    40.0,
    40.0,
    10.0,
    40.0,
    40.0,
    10.0,
    10.0,
    10.0,
    10.0,
    39.52246514034992,
    10.919055839924058,
    39.472803340058164,
    39.90909421123504,
    39.46508563733097,
    10.017109848550824,
    17.79724008011656,
    10.239858213367922,
    11.135834142230783,
    39.856496407848326,
    10.328159809151696
  ],
  "evaluation_times": [
    0.6195216178894043,
    0.6181750297546387,
    0.6528496742248535,
    0.6358377933502197,
    0.6318707466125488,
    0.6387922763824463,
    0.6393067836761475,
    0.6434595584869385,
    0.6370043754577637,
    0.6452169418334961,
    0.6494386196136475,
    0.6463577747344971,
    0.6539027690887451,
    0.6304941177368164,
    0.6261918544769287,
    0.673851728439331,
    0.6450128555297852,
    0.6423869132995605,
    0.6337358951568604,
    0.6348428726196289,
    0.6345412731170654,
    0.6354827880859375,
    0.6290521621704102,
    0.6256701946258545,
    0.6331875324249268,
    0.6286613941192627,
    0.628725528717041,
    0.6304335594177246,
    0.6321697235107422,
    0.6357548236846924,
    0.6366021633148193,
    0.6376869678497314,
    0.6368703842163086,
    0.634753942489624,
    0.6323168277740479,
    0.633460521697998,
    0.6301536560058594,
    0.6272056102752686,
    0.6372110843658447,
    0.6381087303161621,
    0.639488935470581,
    0.6268389225006104,
    0.6340785026550293,
    0.6295459270477295,
    0.6451153755187988,
    0.6285357475280762,
    0.6271317005157471,
    0.6298861503601074,
    0.6276881694793701,
    0.6291437149047852
  ],
  "best_so_far": [
    77.02313995361328,
    384.0372009277344,
    384.0372009277344,
    410.4893493652344,
    554.819580078125,
    554.819580078125,
    739.9930419921875,
    886.5352172851562,
    1468.4176025390625,
    1468.4176025390625,
    1468.4176025390625,
    1468.4176025390625,
    1468.4176025390625,
    1473.6712646484375,
    1530.881591796875,
    1530.881591796875,
    1542.7603759765625,
    1542.7603759765625,
    1938.438232421875,
    2289.945068359375,
    2289.945068359375,
    2289.945068359375,
    2289.945068359375,
    2289.945068359375,
    2289.945068359375,
    2289.945068359375,
    2289.945068359375,
    2289.945068359375,
    2289.945068359375,
    2289.945068359375,
    2289.945068359375,
    2289.945068359375,
    2289.945068359375,
    2289.945068359375,
    2289.945068359375,
    2289.945068359375,
    2289.945068359375,
    2289.945068359375,
    2289.945068359375,
    2289.945068359375,
    2289.945068359375,
    2289.945068359375,
    2289.945068359375,
    2289.945068359375,
    2289.945068359375,
    2289.945068359375,
    2289.945068359375,
    2289.945068359375,
    2289.945068359375,
    2289.945068359375
  ],
  "hyperparameters": {
    "n_calls": 50,
    "n_initial_points": 1,
    "batch_size": 16,
    "acquisition_function": "EI"
  }
}