{
  "method": "EDM_LBFGS_Cosine_Annealing",
  "trial_num": 2,
  "steps": [
    0,
    1,
    2,
    3,
    4,
    5,
    6,
    7,
    8,
    9,
    10,
    11,
    12,
    13,
    14,
    15,
    16,
    17,
    18,
    19,
    20,
    21,
    22,
    23,
    24,
    25,
    26,
    27,
    28,
    29,
    30,
    31,
    32,
    33,
    34,
    35,
    36,
    37,
    38,
    39,
    40,
    41,
    42,
    43,
    44,
    45,
    46,
    47,
    48,
    49
  ],
  "weighted_sums": [
    3540.5791015625,
    3636.22216796875,
    3642.3828125,
    4405.3310546875,
    966.7618408203125,
    868.27685546875,
    727.2083129882812,
    804.05224609375,
    1097.279296875,
    816.9825439453125,
    559.5199584960938,
    948.1515502929688,
    689.0758056640625,
    869.486083984375,
    716.3928833007812,
    733.3154296875,
    716.3114624023438,
    644.256591796875,
    951.34423828125,
    573.2775268554688,
    566.437255859375,
    643.3451538085938,
    842.1650390625,
    755.0877685546875,
    841.4285888671875,
    780.6968383789062,
    766.3358764648438,
    844.630615234375,
    671.4797973632812,
    617.95751953125,
    800.6094970703125,
    761.2579345703125,
    713.894287109375,
    779.4869995117188,
    711.7529907226562,
    705.0114135742188,
    491.9738464355469,
    767.8128662109375,
    647.8216552734375,
    1240.40185546875,
    499.74957275390625,
    1050.5108642578125,
    948.5606079101562,
    604.8804931640625,
    881.7657470703125,
    550.720947265625,
    968.5523681640625,
    487.5330505371094,
    816.916259765625,
    861.6068725585938
  ],
  "laser_energies": [
    30.894075393676758,
    31.550260543823242,
    33.17903518676758,
    35.43592834472656,
    51.45045471191406,
    51.40341567993164,
    51.400142669677734,
    51.39148712158203,
    51.382755279541016,
    51.11970520019531,
    51.110870361328125,
    51.110816955566406,
    51.110816955566406,
    51.110816955566406,
    51.11079406738281,
    51.11079406738281,
    51.11079406738281,
    51.11079406738281,
    51.11079406738281,
    51.11079406738281,
    51.11079406738281,
    51.11079406738281,
    51.11079406738281,
    51.11079406738281,
    51.11079406738281,
    51.11079406738281,
    51.11079406738281,
    51.11079406738281,
    51.11079406738281,
    51.11079406738281,
    51.11079406738281,
    51.11079406738281,
    51.11079406738281,
    51.11079406738281,
    51.11079406738281,
    51.11079406738281,
    51.11079406738281,
    51.11079406738281,
    51.11079406738281,
    51.11079406738281,
    51.11079406738281,
    51.11079406738281,
    51.11079406738281,
    51.11079406738281,
    51.11079406738281,
    51.11079406738281,
    51.11079406738281,
    51.11079406738281,
    51.11079406738281,
    51.11079406738281
  ],
  "pressures": [
    15.722786903381348,
    11.310593605041504,
    12.174528121948242,
    11.938027381896973,
    6.509754180908203,
    6.481734752655029,
    6.479700565338135,
    6.474535942077637,
    6.4693193435668945,
    6.310035228729248,
    6.304688930511475,
    6.304631233215332,
    6.304631233215332,
    6.304631233215332,
    6.304626941680908,
    6.304626941680908,
    6.304626941680908,
    6.304626941680908,
    6.304626941680908,
    6.304626941680908,
    6.304626941680908,
    6.304626941680908,
    6.304626941680908,
    6.304626941680908,
    6.304626941680908,
    6.304626941680908,
    6.304626941680908,
    6.304626941680908,
    6.304626941680908,
    6.304626941680908,
    6.304626941680908,
    6.304626941680908,
    6.304626941680908,
    6.304626941680908,
    6.304626941680908,
    6.304626941680908,
    6.304626941680908,
    6.304626941680908,
    6.304626941680908,
    6.304626941680908,
    6.304626941680908,
    6.304626941680908,
    6.304626941680908,
    6.304626941680908,
    6.304626941680908,
    6.304626941680908,
    6.304626941680908,
    6.304626941680908,
    6.304626941680908,
    6.304626941680908
  ],
  "acquisition_times": [
    16.805543899536133,
    16.472606658935547,
    16.520763397216797,
    19.036041259765625,
    41.939151763916016,
    41.898529052734375,
    41.89593505859375,
    41.889957427978516,
    41.8839111328125,
    41.69611358642578,
    41.689815521240234,
    41.68983459472656,
    41.68983459472656,
    41.68983459472656,
    41.68983459472656,
    41.68983459472656,
    41.68983459472656,
    41.68983459472656,
    41.68983459472656,
    41.68983459472656,
    41.68983459472656,
    41.68983459472656,
    41.68983459472656,
    41.68983459472656,
    41.68983459472656,
    41.68983459472656,
    41.68983459472656,
    41.68983459472656,
    41.68983459472656,
    41.68983459472656,
    41.68983459472656,
    41.68983459472656,
    41.68983459472656,
    41.68983459472656,
    41.68983459472656,
    41.68983459472656,
    41.68983459472656,
    41.68983459472656,
    41.68983459472656,
    41.68983459472656,
    41.68983459472656,
    41.68983459472656,
    41.68983459472656,
    41.68983459472656,
    41.68983459472656,
    41.68983459472656,
    41.68983459472656,
    41.68983459472656,
    41.68983459472656,
    41.68983459472656
  ],
  "learning_rates": [
    0.1,
    0.09990133740804936,
    0.09960573900837325,
    0.09911437139280907,
    0.09842917376485098,
    0.09755285028649953,
    0.09648885940616962,
    0.09524140020977474,
    0.09381539584885315,
    0.09221647411113801,
    0.09045094521025018,
    0.08852577688216808,
    0.08644856688675687,
    0.08422751302288148,
    0.08187138077543962,
    0.07938946872199754,
    0.07679157183555235,
    0.07408794282824872,
    0.07128925168860786,
    0.06840654357195758,
    0.0654511952102502,
    0.062434870013299164,
    0.05936947203862896,
    0.05626709901159846,
    0.05313999458120593,
    0.05000050000000002,
    0.046861005418794115,
    0.04373390098840159,
    0.04063152796137108,
    0.03756612998670086,
    0.034549804789749845,
    0.03159445642804247,
    0.028711748311392157,
    0.025913057171751287,
    0.02320942816444765,
    0.0206115312780025,
    0.01812961922456039,
    0.01577348697711853,
    0.013552433113243147,
    0.011475223117831933,
    0.009550054789749822,
    0.0077845258888620105,
    0.006185604151146845,
    0.004759599790225267,
    0.0035121405938303776,
    0.0024481497135004715,
    0.001571826235149016,
    0.0008866286071909283,
    0.000395260991626769,
    9.96625919506362e-05
  ],
  "losses": [
    -3540.5791015625,
    -3636.22216796875,
    -3642.3828125,
    -4405.3310546875,
    -966.7618408203125,
    -868.27685546875,
    -727.2083129882812,
    -804.05224609375,
    -1097.279296875,
    -816.9825439453125,
    -559.5199584960938,
    -948.1515502929688,
    -689.0758056640625,
    -869.486083984375,
    -716.3928833007812,
    -733.3154296875,
    -716.3114624023438,
    -644.256591796875,
    -951.34423828125,
    -573.2775268554688,
    -566.437255859375,
    -643.3451538085938,
    -842.1650390625,
    -755.0877685546875,
    -841.4285888671875,
    -780.6968383789062,
    -766.3358764648438,
    -844.630615234375,
    -671.4797973632812,
    -617.95751953125,
    -800.6094970703125,
    -761.2579345703125,
    -713.894287109375,
    -779.4869995117188,
    -711.7529907226562,
    -705.0114135742188,
    -491.9738464355469,
    -767.8128662109375,
    -647.8216552734375,
    -1240.40185546875,
    -499.74957275390625,
    -1050.5108642578125,
    -948.5606079101562,
    -604.8804931640625,
    -881.7657470703125,
    -550.720947265625,
    -968.5523681640625,
    -487.5330505371094,
    -816.916259765625,
    -861.6068725585938
  ],
  "parameter_changes": [
    {
      "laser_change": 0.0,
      "pressure_change": 0.0,
      "acquisition_change": 0.0
    },
    {
      "laser_change": 0.6561851501464844,
      "pressure_change": -4.412193298339844,
      "acquisition_change": -0.33293724060058594
    },
    {
      "laser_change": 1.628774642944336,
      "pressure_change": 0.8639345169067383,