{
  "method": "Bayesian_Optimization",
  "trial_num": 2,
  "evaluations": [
    0,
    1,
    2,
    3,
    4,
    5,
    6,
    7,
    8,
    9,
    10,
    11,
    12,
    13,
    14,
    15,
    16,
    17,
    18,
    19,
    20,
    21,
    22,
    23,
    24,
    25,
    26,
    27,
    28,
    29,
    30,
    31,
    32,
    33,
    34,
    35,
    36,
    37,
    38,
    39,
    40,
    41,
    42,
    43,
    44,
    45,
    46,
    47,
    48,
    49
  ],
  "weighted_sums": [
    407.1110534667969,
    337.839111328125,
    415.28887939453125,
    390.6029357910156,
    216.33836364746094,
    309.58074951171875,
    738.0323486328125,
    196.74021911621094,
    848.8396606445312,
    930.2760009765625,
    1416.873779296875,
    1498.39306640625,
    1363.6058349609375,
    1316.09326171875,
    1457.791015625,
    24.643821716308594,
    1499.5556640625,
    1576.25146484375,
    1747.70751953125,
    1474.653564453125,
    2157.109130859375,
    2149.880859375,
    2284.341796875,
    83.39776611328125,
    2243.302734375,
    2100.411376953125,
    2019.155517578125,
    61.416465759277344,
    766.9385375976562,
    210.27333068847656,
    173.312255859375,
    1404.3563232421875,
    722.1067504882812,
    1128.3809814453125,
    40.615234375,
    387.5501403808594,
    67.67621612548828,
    2029.3857421875,
    162.31752014160156,
    657.9641723632812,
    40.40476608276367,
    1507.07421875,
    2166.015625,
    47.34203338623047,
    573.6978759765625,
    570.9918212890625,
    235.14166259765625,
    2040.7935791015625,
    2210.2763671875,
    2136.599609375
  ],
  "laser_energies": [
    30.89407556793585,
    33.89628960580699,
    31.281269794490402,
    33.33003033035741,
    10.0,
    26.011523585320575,
    31.7424165923181,
    38.209557857754035,
    30.305091367117598,
    28.302996374547718,
    27.019934675210138,
    24.45123237317082,
    23.755119206662464,
    22.65394535493344,
    25.193471865322003,
    10.0,
    25.29440405810189,
    25.261953491704986,
    21.01346642246025,
    19.309867211736574,
    22.212113657257095,
    23.30572734120185,
    23.088894249954222,
    18.27344369186542,
    23.508741538427074,
    23.274748101758156,
    23.757141288191523,
    40.0,
    22.841773904272557,
    10.0,
    40.0,
    29.479533811846835,
    23.994967052130466,
    32.759847353806705,
    26.679480515321856,
    32.40287070607437,
    15.844051795576714,
    22.89146931574935,
    40.0,
    15.41304040865194,
    40.0,
    27.84095750876865,
    24.270625104033478,
    10.0,
    32.444887430484485,
    16.993464341582666,
    19.06644754845115,
    23.71742272697492,
    24.10794150457697,
    24.310374054457256
  ],
  "pressures": [
    15.722786699007589,
    13.668695797323277,
    15.294663130208633,
    12.954886309246206,
    30.0,
    14.903443459167494,
    30.0,
    30.0,
    30.0,
    30.0,
    30.0,
    30.0,
    27.815253175670648,
    30.0,
    30.0,
    10.0,
    30.0,
    30.0,
    30.0,
    30.0,
    30.0,
    30.0,
    30.0,
    10.0,
    30.0,
    30.0,
    30.0,
    10.0,
    26.694857008674184,
    20.247537518271876,
    21.561136774322563,
    23.667940586893437,
    20.73458212207166,
    26.757613090936168,
    10.0,
    22.62688440937227,
    18.34948609290553,
    30.0,
    16.126390786283807,
    30.0,
    30.0,
    26.49884808017862,
    30.0,
    14.384766314087493,
    20.032686316911683,
    23.94101145726798,
    15.070508370137535,
    30.0,
    30.0,
    30.0
  ],
  "acquisition_times": [
    16.805543606926094,
    33.390730008183084,
    15.947947167519613,
    10.395063640983345,
    14.326281504623102,
    10.0,
    10.0,
    10.0,
    10.0,
    10.0,
    40.0,
    40.0,
    40.0,
    40.0,
    40.0,
    40.0,
    40.0,
    40.0,
    10.0,
    10.0,
    10.0,
    10.0,
    10.0,
    10.0,
    15.858647365757404,
    16.300527199009398,
    10.0,
    40.0,
    10.0,
    40.0,
    40.0,
    40.0,
    40.0,
    40.0,
    40.0,
    10.0,
    10.0,
    17.990350129998887,
    10.0,
    40.0,
    40.0,
    40.0,
    18.568364824091613,
    10.0,
    40.0,
    40.0,
    40.0,
    10.0,
    20.406042249667664,
    21.159552037816184
  ],
  "evaluation_times": [
    0.6126143932342529,
    0.6073579788208008,
    0.6250414848327637,
    0.6255693435668945,
    0.6255252361297607,
    0.627586841583252,
    0.6240909099578857,
    0.6259000301361084,
    0.6277656555175781,
    0.6267518997192383,
    0.6267349720001221,
    0.628380298614502,
    0.6264073848724365,
    0.6253452301025391,
    0.6240360736846924,
    0.6283910274505615,
    0.6256208419799805,
    0.6293356418609619,
    0.6280639171600342,
    0.6264646053314209,
    0.6269898414611816,
    0.6273777484893799,
    0.6258227825164795,
    0.6261427402496338,
    0.6274192333221436,
    0.6250467300415039,
    0.6282989978790283,
    0.6281132698059082,
    0.6360759735107422,
    0.6248281002044678,
    0.6252710819244385,
    0.625607967376709,
    0.634587287902832,
    0.6339094638824463,
    0.6316628456115723,
    0.6253070831298828,
    0.6332387924194336,
    0.6284456253051758,
    0.6382060050964355,
    0.639441728591919,
    0.6352052688598633,
    0.6305975914001465,
    0.6344852447509766,
    0.6337904930114746,
    0.6342165470123291,
    0.6330666542053223,
    0.6287651062011719,
    0.6296143531799316,
    0.6396286487579346,
    0.6296966075897217
  ],
  "best_so_far": [
    407.1110534667969,
    407.1110534667969,
    415.28887939453125,
    415.28887939453125,
    415.28887939453125,
    415.28887939453125,
    738.0323486328125,
    738.0323486328125,
    848.8396606445312,
    930.2760009765625,
    1416.873779296875,
    1498.39306640625,
    1498.39306640625,
    1498.39306640625,
    1498.39306640625,
    1498.39306640625,
    1499.5556640625,
    1576.25146484375,
    1747.70751953125,
    1747.70751953125,
    2157.109130859375,
    2157.109130859375,
    2284.341796875,
    2284.341796875,
    2284.341796875,
    2284.341796875,
    2284.341796875,
    2284.341796875,
    2284.341796875,
    2284.341796875,
    2284.341796875,
    2284.341796875,
    2284.341796875,
    2284.341796875,
    2284.341796875,
    2284.341796875,
    2284.341796875,
    2284.341796875,
    2284.341796875,
    2284.341796875,
    2284.341796875,
    2284.341796875,
    2284.341796875,
    2284.341796875,
    2284.341796875,
    2284.341796875,
    2284.341796875,
    2284.341796875,
    2284.341796875,
    2284.341796875
  ],
  "hyperparameters": {
    "n_calls": 50,
    "n_initial_points": 1,
    "batch_size": 16,
    "acquisition_function": "EI"
  }
}