{
  "method": "EDM_LBFGS_Cosine_Annealing",
  "trial_num": 5,
  "steps": [
    0,
    1,
    2,
    3,
    4,
    5,
    6,
    7,
    8,
    9,
    10,
    11,
    12,
    13,
    14,
    15,
    16,
    17,
    18,
    19,
    20,
    21,
    22,
    23,
    24,
    25,
    26,
    27,
    28,
    29,
    30,
    31,
    32,
    33,
    34,
    35,
    36,
    37,
    38,
    39,
    40,
    41,
    42,
    43,
    44,
    45,
    46,
    47,
    48,
    49
  ],
  "weighted_sums": [
    2486.716552734375,
    2953.842529296875,
    3458.6103515625,
    3330.04931640625,
    3368.402099609375,
    3027.42626953125,
    3501.37890625,
    3372.11572265625,
    3580.900390625,
    3395.38916015625,
    3495.8349609375,
    3069.04150390625,
    3729.626708984375,
    3156.28759765625,
    3396.533203125,
    3206.011474609375,
    3265.12158203125,
    3431.940673828125,
    3590.306884765625,
    3191.22412109375,
    3391.763671875,
    3540.36669921875,
    3102.76416015625,
    3596.9150390625,
    3572.87841796875,
    3680.093505859375,
    4084.056884765625,
    3389.94091796875,
    3401.448974609375,
    3259.489501953125,
    3105.920654296875,
    3415.591064453125,
    3369.89697265625,
    3284.7451171875,
    3650.21337890625,
    3641.5244140625,
    3132.124267578125,
    3443.232177734375,
    3561.474609375,
    3201.72314453125,
    3436.187744140625,
    3241.876953125,
    3084.9619140625,
    3362.8935546875,
    3205.3720703125,
    3456.366943359375,
    3444.090576171875,
    3362.0986328125,
    3192.951904296875,
    3243.51123046875
  ],
  "laser_energies": [
    34.102840423583984,
    35.62430191040039,
    37.58500289916992,
    37.628665924072266,
    37.6348876953125,
    37.72529602050781,
    37.972938537597656,
    37.97330856323242,
    37.973426818847656,
    37.97836685180664,
    37.978458404541016,
    37.97896194458008,
    37.97896194458008,
    37.97896194458008,
    37.97896194458008,
    37.97896194458008,
    37.97896194458008,
    37.97896194458008,
    37.97896194458008,
    37.97896194458008,
    37.97896194458008,
    37.97896194458008,
    37.97896194458008,
    37.97896194458008,
    37.97896194458008,
    37.97896194458008,
    37.97896194458008,
    37.97896194458008,
    37.97896194458008,
    37.97896194458008,
    37.97896194458008,
    37.97896194458008,
    37.97896194458008,
    37.97896194458008,
    37.97896194458008,
    37.97896194458008,
    37.97896194458008,
    37.97896194458008,
    37.97896194458008,
    37.97896194458008,
    37.97896194458008,
    37.97896194458008,
    37.97896194458008,
    37.97896194458008,
    37.97896194458008,
    37.97896194458008,
    37.97896194458008,
    37.97896194458008,
    37.97896194458008,
    37.97896194458008
  ],
  "pressures": [
    20.550445556640625,
    17.477336883544922,
    16.82695770263672,
    16.839033126831055,
    16.838150024414062,
    16.70372772216797,
    16.335403442382812,
    16.334857940673828,
    16.334819793701172,
    16.33418846130371,
    16.33417510986328,
    16.334383010864258,
    16.334383010864258,
    16.334383010864258,
    16.334383010864258,
    16.334383010864258,
    16.334383010864258,
    16.334383010864258,
    16.334383010864258,
    16.334383010864258,
    16.334383010864258,
    16.334383010864258,
    16.334383010864258,
    16.334383010864258,
    16.334383010864258,
    16.334383010864258,
    16.334383010864258,
    16.334383010864258,
    16.334383010864258,
    16.334383010864258,
    16.334383010864258,
    16.334383010864258,
    16.334383010864258,
    16.334383010864258,
    16.334383010864258,
    16.334383010864258,
    16.334383010864258,
    16.334383010864258,
    16.334383010864258,
    16.334383010864258,
    16.334383010864258,
    16.334383010864258,
    16.334383010864258,
    16.334383010864258,
    16.334383010864258,
    16.334383010864258,
    16.334383010864258,
    16.334383010864258,
    16.334383010864258,
    16.334383010864258
  ],
  "acquisition_times": [
    13.573344230651855,
    20.48794937133789,
    23.284910202026367,
    23.254697799682617,
    23.251985549926758,
    23.33755874633789,
    23.571657180786133,
    23.572078704833984,
    23.57219123840332,
    23.575666427612305,
    23.57573127746582,
    23.575712203979492,
    23.575712203979492,
    23.575712203979492,
    23.575712203979492,
    23.575712203979492,
    23.575712203979492,
    23.575712203979492,
    23.575712203979492,
    23.575712203979492,
    23.575712203979492,
    23.575712203979492,
    23.575712203979492,
    23.575712203979492,
    23.575712203979492,
    23.575712203979492,
    23.575712203979492,
    23.575712203979492,
    23.575712203979492,
    23.575712203979492,
    23.575712203979492,
    23.575712203979492,
    23.575712203979492,
    23.575712203979492,
    23.575712203979492,
    23.575712203979492,
    23.575712203979492,
    23.575712203979492,
    23.575712203979492,
    23.575712203979492,
    23.575712203979492,
    23.575712203979492,
    23.575712203979492,
    23.575712203979492,
    23.575712203979492,
    23.575712203979492,
    23.575712203979492,
    23.575712203979492,
    23.575712203979492,
    23.575712203979492
  ],
  "learning_rates": [
    0.1,
    0.09990133740804936,
    0.09960573900837325,
    0.09911437139280907,
    0.09842917376485098,
    0.09755285028649953,
    0.09648885940616962,
    0.09524140020977474,
    0.09381539584885315,
    0.09221647411113801,
    0.09045094521025018,
    0.08852577688216808,
    0.08644856688675687,
    0.08422751302288148,
    0.08187138077543962,
    0.07938946872199754,
    0.07679157183555235,
    0.07408794282824872,
    0.07128925168860786,
    0.06840654357195758,
    0.0654511952102502,
    0.062434870013299164,
    0.05936947203862896,
    0.05626709901159846,
    0.05313999458120593,
    0.05000050000000002,
    0.046861005418794115,
    0.04373390098840159,
    0.04063152796137108,
    0.03756612998670086,
    0.034549804789749845,
    0.03159445642804247,
    0.028711748311392157,
    0.025913057171751287,
    0.02320942816444765,
    0.0206115312780025,
    0.01812961922456039,
    0.01577348697711853,
    0.013552433113243147,
    0.011475223117831933,
    0.009550054789749822,
    0.0077845258888620105,
    0.006185604151146845,
    0.004759599790225267,
    0.0035121405938303776,
    0.0024481497135004715,
    0.001571826235149016,
    0.0008866286071909283,
    0.000395260991626769,
    9.96625919506362e-05
  ],
  "losses": [
    -2486.716552734375,
    -2953.842529296875,
    -3458.6103515625,
    -3330.04931640625,
    -3368.402099609375,
    -3027.42626953125,
    -3501.37890625,
    -3372.11572265625,
    -3580.900390625,
    -3395.38916015625,
    -3495.8349609375,
    -3069.04150390625,
    -3729.626708984375,
    -3156.28759765625,
    -3396.533203125,
    -3206.011474609375,
    -3265.12158203125,
    -3431.940673828125,
    -3590.306884765625,
    -3191.22412109375,
    -3391.763671875,
    -3540.36669921875,
    -3102.76416015625,
    -3596.9150390625,
    -3572.87841796875,
    -3680.093505859375,
    -4084.056884765625,
    -3389.94091796875,
    -3401.448974609375,
    -3259.489501953125,
    -3105.920654296875,
    -3415.591064453125,
    -3369.89697265625,
    -3284.7451171875,
    -3650.21337890625,
    -3641.5244140625,
    -3132.124267578125,
    -3443.232177734375,
    -3561.474609375,
    -3201.72314453125,
    -3436.187744140625,
    -3241.876953125,
    -3084.9619140625,
    -3362.8935546875,
    -3205.3720703125,
    -3456.366943359375,
    -3444.090576171875,
    -3362.0986328125,
    -3192.951904296875,
    -3243.51123046875
  ],
  "parameter_changes": [
    {
      "laser_change": 0.0,
      "pressure_change": 0.0,
      "acquisition_change": 0.0
    },
    {
      "laser_change": 1.5214614868164062,
      "pressure_change": -3.073108673095703,
      "acquisition_change": 6.914605140686035
    },
    {
      "laser_change": 1.9607009887695312,