{
  "method": "EDM_LBFGS_Cosine_Annealing",
  "trial_num": 4,
  "steps": [
    0,
    1,
    2,
    3,
    4,
    5,
    6,
    7,
    8,
    9,
    10,
    11,
    12,
    13,
    14,
    15,
    16,
    17,
    18,
    19,
    20,
    21,
    22,
    23,
    24,
    25,
    26,
    27,
    28,
    29,
    30,
    31,
    32,
    33,
    34,
    35,
    36,
    37,
    38,
    39,
    40,
    41,
    42,
    43,
    44,
    45,
    46,
    47,
    48,
    49
  ],
  "weighted_sums": [
    380.541015625,
    0.0,
    0.0,
    0.0,
    0.0,
    0.0,
    0.0,
    0.0,
    0.0,
    0.0,
    0.0,
    0.0,
    0.0,
    0.0,
    0.0,
    0.0,
    0.0,
    0.0,
    0.0,
    0.0,
    0.0,
    0.0,
    0.0,
    0.0,
    0.0,
    0.0,
    0.0,
    0.0,
    0.0,
    0.0,
    0.0,
    0.0,
    0.0,
    0.0,
    0.0,
    0.0,
    0.0,
    0.0,
    0.0,
    0.0,
    0.0,
    0.0,
    0.0,
    0.0,
    0.0,
    0.0,
    0.0,
    0.0,
    0.0,
    0.0
  ],
  "laser_energies": [
    19.700044631958008,
    -102.95917510986328,
    -102.95917510986328,
    -102.95917510986328,
    -102.95917510986328,
    -102.95917510986328,
    -102.95917510986328,
    -102.95917510986328,
    -102.95917510986328,
    -102.95917510986328,
    -102.95917510986328,
    -102.95917510986328,
    -102.95917510986328,
    -102.95917510986328,
    -102.95917510986328,
    -102.95917510986328,
    -102.95917510986328,
    -102.95917510986328,
    -102.95917510986328,
    -102.95917510986328,
    -102.95917510986328,
    -102.95917510986328,
    -102.95917510986328,
    -102.95917510986328,
    -102.95917510986328,
    -102.95917510986328,
    -102.95917510986328,
    -102.95917510986328,
    -102.95917510986328,
    -102.95917510986328,
    -102.95917510986328,
    -102.95917510986328,
    -102.95917510986328,
    -102.95917510986328,
    -102.95917510986328,
    -102.95917510986328,
    -102.95917510986328,
    -102.95917510986328,
    -102.95917510986328,
    -102.95917510986328,
    -102.95917510986328,
    -102.95917510986328,
    -102.95917510986328,
    -102.95917510986328,
    -102.95917510986328,
    -102.95917510986328,
    -102.95917510986328,
    -102.95917510986328,
    -102.95917510986328,
    -102.95917510986328
  ],
  "pressures": [
    14.604942321777344,
    -41.78995132446289,
    -41.78995132446289,
    -41.78995132446289,
    -41.78995132446289,
    -41.78995132446289,
    -41.78995132446289,
    -41.78995132446289,
    -41.78995132446289,
    -41.78995132446289,
    -41.78995132446289,
    -41.78995132446289,
    -41.78995132446289,
    -41.78995132446289,
    -41.78995132446289,
    -41.78995132446289,
    -41.78995132446289,
    -41.78995132446289,
    -41.78995132446289,
    -41.78995132446289,
    -41.78995132446289,
    -41.78995132446289,
    -41.78995132446289,
    -41.78995132446289,
    -41.78995132446289,
    -41.78995132446289,
    -41.78995132446289,
    -41.78995132446289,
    -41.78995132446289,
    -41.78995132446289,
    -41.78995132446289,
    -41.78995132446289,
    -41.78995132446289,
    -41.78995132446289,
    -41.78995132446289,
    -41.78995132446289,
    -41.78995132446289,
    -41.78995132446289,
    -41.78995132446289,
    -41.78995132446289,
    -41.78995132446289,
    -41.78995132446289,
    -41.78995132446289,
    -41.78995132446289,
    -41.78995132446289,
    -41.78995132446289,
    -41.78995132446289,
    -41.78995132446289,
    -41.78995132446289,
    -41.78995132446289
  ],
  "acquisition_times": [
    33.8133659362793,
    143.2724151611328,
    143.2724151611328,
    143.2724151611328,
    143.2724151611328,
    143.2724151611328,
    143.2724151611328,
    143.2724151611328,
    143.2724151611328,
    143.2724151611328,
    143.2724151611328,
    143.2724151611328,
    143.2724151611328,
    143.2724151611328,
    143.2724151611328,
    143.2724151611328,
    143.2724151611328,
    143.2724151611328,
    143.2724151611328,
    143.2724151611328,
    143.2724151611328,
    143.2724151611328,
    143.2724151611328,
    143.2724151611328,
    143.2724151611328,
    143.2724151611328,
    143.2724151611328,
    143.2724151611328,
    143.2724151611328,
    143.2724151611328,
    143.2724151611328,
    143.2724151611328,
    143.2724151611328,
    143.2724151611328,
    143.2724151611328,
    143.2724151611328,
    143.2724151611328,
    143.2724151611328,
    143.2724151611328,
    143.2724151611328,
    143.2724151611328,
    143.2724151611328,
    143.2724151611328,
    143.2724151611328,
    143.2724151611328,
    143.2724151611328,
    143.2724151611328,
    143.2724151611328,
    143.2724151611328,
    143.2724151611328
  ],
  "learning_rates": [
    0.1,
    0.09990133740804936,
    0.09960573900837325,
    0.09911437139280907,
    0.09842917376485098,
    0.09755285028649953,
    0.09648885940616962,
    0.09524140020977474,
    0.09381539584885315,
    0.09221647411113801,
    0.09045094521025018,
    0.08852577688216808,
    0.08644856688675687,
    0.08422751302288148,
    0.08187138077543962,
    0.07938946872199754,
    0.07679157183555235,
    0.07408794282824872,
    0.07128925168860786,
    0.06840654357195758,
    0.0654511952102502,
    0.062434870013299164,
    0.05936947203862896,
    0.05626709901159846,
    0.05313999458120593,
    0.05000050000000002,
    0.046861005418794115,
    0.04373390098840159,
    0.04063152796137108,
    0.03756612998670086,
    0.034549804789749845,
    0.03159445642804247,
    0.028711748311392157,
    0.025913057171751287,
    0.02320942816444765,
    0.0206115312780025,
    0.01812961922456039,
    0.01577348697711853,
    0.013552433113243147,
    0.011475223117831933,
    0.009550054789749822,
    0.0077845258888620105,
    0.006185604151146845,
    0.004759599790225267,
    0.0035121405938303776,
    0.0024481497135004715,
    0.001571826235149016,
    0.0008866286071909283,
    0.000395260991626769,
    9.96625919506362e-05
  ],
  "losses": [
    -380.541015625,
    -0.0,
    -0.0,
    -0.0,
    -0.0,
    -0.0,
    -0.0,
    -0.0,
    -0.0,
    -0.0,
    -0.0,
    -0.0,
    -0.0,
    -0.0,
    -0.0,
    -0.0,
    -0.0,
    -0.0,
    -0.0,
    -0.0,
    -0.0,
    -0.0,
    -0.0,
    -0.0,
    -0.0,
    -0.0,
    -0.0,
    -0.0,
    -0.0,
    -0.0,
    -0.0,
    -0.0,
    -0.0,
    -0.0,
    -0.0,
    -0.0,
    -0.0,
    -0.0,
    -0.0,
    -0.0,
    -0.0,
    -0.0,
    -0.0,
    -0.0,
    -0.0,
    -0.0,
    -0.0,
    -0.0,
    -0.0,
    -0.0
  ],
  "parameter_changes": [
    {
      "laser_change": 0.0,
      "pressure_change": 0.0,
      "acquisition_change": 0.0
    },
    {
      "laser_change": -122.65921974182129,
      "pressure_change": -56.394893646240234,
      "acquisition_change": 109.45904922485352
    },
    {
      "laser_change": 0.0,
      "pressure_change": 0.0,
      "acquisition_change": 0.0
    },
    {
      "laser_change": 0.0,
      "pressure_change": 0.0,
      "acquisition_change": 0.0
    },
    {
      "laser_change": 0.0,
      "pressure_change": 0.0,
      "acquisition_change": 0.0
    },
    {
      "laser_change": 0.0,
      "pressure_change": 0.0,
      "acquisition_change": 0.0
    },
    {
      "laser_change": 0.0,
      "pressure_change": 0.0,
      "acquisition_change": 0.0
    },
    {
      "laser_change": 0.0,
      "pressure_change": 0.0,
      "acquisition_change": 0.0
    },
    {
      "laser_change": 0.0,
      "pressure_change": 0.0,
      "acquisition_change": 0.0
    },
    {
      "laser_change": 0.0,
      "pressure_change": 0.0,
      "acquisition_change": 0.0
    },
    {
      "laser_change": 0.0,
      "pressure_change": 0.0,
      "acquisition_change": 0.0
    },
    {
      "laser_change": 0.0,
      "pressure_change": 0.0,
      "acquisition_change": 0.0
    },
    {
      "laser_change": 0.0,
      "pressure_change": 0.0,
      "acquisition_change": 0.0
    },
    {
      "laser_change": 0.0,
      "pressure_change": 0.0,
      "acquisition_change": 0.0
    },
    {
      "laser_change": 0.0,
      "pressure_change": 0.0,